region,year,month,dengue_cases,temperature,humidity,rainfall
Dak Lak,1998,1,0.0,26.35641923076923,-0.5993622892644093,3.747745096916333
Dak Lak,1998,2,0.0,25.863161538461537,-0.737073028188939,5.182025013849712
Dak Lak,1998,3,0.0,25.475369999999998,-0.9810215008146125,4.99061442231043
Dak Lak,1998,4,0.0,24.85367,-0.14648193669855247,7.486037068212264
Dak Lak,1998,5,0.0,24.21995,0.017993425602379803,8.78119592268307
Dak Lak,1998,6,0.0,23.399484615384615,0.018765671199566278,9.097321944024703
Dak Lak,1998,7,0.0,22.37451692307692,1.1145649662031354,13.113101156285172
Dak Lak,1998,8,0.0,21.265134615384618,1.6248373536206133,11.582358256698795
Dak Lak,1998,9,0.0,21.15411846153846,1.414120260456963,3.73964507329779
Dak Lak,1998,10,0.0,21.798176923076923,0.8412316378524859,0.38702143963466634
Dak Lak,1998,11,0.0,25.279780769230772,0.6237731652288585,0.7423039984972161
Dak Lak,1998,12,0.0,24.74186923076923,1.189950502485594,4.02869997644582
Dak Lak,1999,1,0.0,24.26715692307692,1.5789847488663347,8.717188862367315
Dak Lak,1999,2,0.0,23.912707692307695,1.1046242210563606,9.017903895045698
Dak Lak,1999,3,0.0,24.370903076923074,-0.045668234423154916,6.810838661084954
Dak Lak,1999,4,0.0,24.373831538461538,-0.8065298070102364,6.50916845860103
Dak Lak,1999,5,0.0,24.010556153846153,-0.869644910611388,7.699022777020359
Dak Lak,1999,6,0.0,23.40730153846154,-0.26540690534493244,8.790919073642446
Dak Lak,1999,7,0.0,22.530980769230766,0.41466376212591594,8.244520429378516
Dak Lak,1999,8,0.0,19.671683076923077,0.7798276183693638,5.4950546473264685
Dak Lak,1999,9,7.0,21.488864615384614,1.0064912815513247,2.1499490260164476
Dak Lak,1999,10,13.0,22.06413230769231,1.25140082376891,0.9182358995671027
Dak Lak,1999,11,18.0,24.058945384615388,1.1124826832167376,1.163731373918171
Dak Lak,1999,12,1.0,25.17388769230769,1.0379137527474511,3.7844832135865896
Dak Lak,2000,1,39.0,25.377829230769233,1.0845498687722903,7.441458954977302
Dak Lak,2000,2,53.0,24.279905384615386,0.8446222467394408,8.546490437136246
Dak Lak,2000,3,25.0,23.918598461538462,0.8504641300656675,8.640856750739307
Dak Lak,2000,4,7.0,24.167443846153844,0.36030499938291033,8.241077132809615
Dak Lak,2000,5,19.0,23.58335769230769,-0.0664185226302986,8.878541626752572
Dak Lak,2000,6,9.0,23.13278230769231,0.7491033576411825,12.782082140732276
Dak Lak,2000,7,46.0,22.198758461538464,1.0563717080666306,12.179178158895901
Dak Lak,2000,8,7.0,21.237673846153847,0.8658907425679446,6.428218630249971
Dak Lak,2000,9,5.0,21.787654615384614,0.9356068537633314,2.266557342339254
Dak Lak,2000,10,12.0,22.41563769230769,0.39678006951362205,0.36320135884383187
Dak Lak,2000,11,11.0,24.425334615384617,0.8429960674713836,1.9444582308129663
Dak Lak,2000,12,12.0,26.596896923076923,0.5710453382820172,2.7148214733013165
Dak Lak,2001,1,15.0,25.94714846153846,-0.3675928847488452,4.162647882297349
Dak Lak,2001,2,25.0,24.704956923076924,-0.18712949211720173,6.553488058181336
Dak Lak,2001,3,45.0,25.037911538461536,-0.8781696732637994,5.475692209214544
Dak Lak,2001,4,84.0,24.018713846153847,0.2273174647986327,11.901088166408814
Dak Lak,2001,5,0.0,24.476420769230767,0.00698794812281478,12.427194106679122
Dak Lak,2001,6,99.0,23.702101538461537,-1.1207439794760305,6.570189752472706
Dak Lak,2001,7,85.0,21.531302307692307,-0.21927134426396383,6.171160834268308
Dak Lak,2001,8,0.0,20.97391692307692,-0.12891094808877215,3.0649296386400247
Dak Lak,2001,9,7.0,21.073411538461535,-0.6678420296344177,0.7282346421281828
Dak Lak,2001,10,4.0,22.22132076923077,-1.2473616261599358,0.12170663226439812
Dak Lak,2001,11,4.0,25.31775538461538,-0.7878863018590304,0.8027156962395581
Dak Lak,2001,12,16.0,26.957036923076924,-0.8968131485211678,1.5245369331051524
Dak Lak,2002,1,14.0,26.92465846153846,-1.662933588101526,3.113362573248406
Dak Lak,2002,2,8.0,25.445051538461538,-1.0124191204680677,6.0142069302785846
Dak Lak,2002,3,67.0,25.841054615384618,-1.1954847880107873,5.56591327767819
Dak Lak,2002,4,123.0,23.850346153846154,-0.44544938688045654,8.653303859038994
Dak Lak,2002,5,53.0,23.552133076923077,0.8536624690954658,11.775694930782683
Dak Lak,2002,6,93.0,23.56865076923077,-0.2461086449568792,7.517152949451254
Dak Lak,2002,7,81.0,22.603822307692308,-0.1775858412627351,6.02779545498869
Dak Lak,2002,8,0.0,22.57475846153846,0.3112309266149408,4.5004291504693175
Dak Lak,2002,9,25.0,20.778326153846155,-0.2776744778612276,1.02126821189658
Dak Lak,2002,10,12.0,23.069869230769232,-0.46550669604182204,0.19800325465214336
Dak Lak,2002,11,4.0,25.411459230769232,-0.41472224306155225,0.2729409260120098
Dak Lak,2002,12,14.0,27.577769230769228,-1.0818913849304737,0.8751270081400156
Dak Lak,2003,1,23.0,25.364391538461536,-0.43185864152523035,4.686900839890139
Dak Lak,2003,2,0.0,25.090586153846154,-0.049389663816465305,6.418246077373625
Dak Lak,2003,3,73.0,24.432635384615384,-0.026523322173842567,6.598344359260338
Dak Lak,2003,4,58.0,24.697611538461537,0.14327252345847818,7.921080472162708
Dak Lak,2003,5,107.0,24.085344615384617,0.28884565867248435,10.481374365134306
Dak Lak,2003,6,129.0,23.10920153846154,0.32318955884796235,10.19075333785552
Dak Lak,2003,7,79.0,22.93036076923077,-0.09211945252897603,7.604894890951423
Dak Lak,2003,8,2.0,20.514457692307694,-0.10947946025543308,4.760411967603992
Dak Lak,2003,9,4.0,21.631238461538462,-0.699523933279299,0.7607623719055621
Dak Lak,2003,10,4.0,22.888505384615385,-1.4338250776833659,0.14364139956604466
Dak Lak,2003,11,4.0,25.301306153846156,-0.786691455735178,0.820073705527263
Dak Lak,2003,12,21.0,26.59299,-0.009349334508234348,1.8008547441030929
Dak Lak,2004,1,169.0,26.21741076923077,-0.6312550895704997,3.7122861607573348
Dak Lak,2004,2,269.0,24.724293846153845,-0.6275513343624618,5.868908268614456
Dak Lak,2004,3,345.0,24.556746923076922,0.1932436530180832,7.73181725078477
Dak Lak,2004,4,440.0,24.268859230769234,-0.07666227583136773,7.851589274091212
Dak Lak,2004,5,806.0,24.126694615384615,-0.9250492754709079,7.576287688257598
Dak Lak,2004,6,253.0,23.56807230769231,-1.7189873068458377,5.316559302557901
Dak Lak,2004,7,149.0,23.331957692307693,-2.2051132643195865,2.1260881252461474
Dak Lak,2004,8,23.0,21.143364615384616,-1.783340240802243,1.4633731403032124
Dak Lak,2004,9,5.0,21.72926076923077,-1.7134925323643082,0.4248942350474095
Dak Lak,2004,10,2.0,25.03872923076923,-1.941719266498865,0.1114624379414845
Dak Lak,2004,11,7.0,24.84781,-1.454436171025318,0.40591248338072405
Dak Lak,2004,12,13.0,26.772703076923076,-0.9959479862747982,1.1433836043579513
Dak Lak,2005,1,8.0,26.446930769230768,-0.692020063111056,4.243777532023021
Dak Lak,2005,2,10.0,25.841683846153845,-1.104376314561891,5.127305312691113
Dak Lak,2005,3,32.0,24.407177692307695,-0.5507456540839896,6.189634759301462
Dak Lak,2005,4,80.0,24.242785384615384,0.44996560311876854,8.564444509549778
Dak Lak,2005,5,62.0,23.6275,1.0391427278055736,12.058662107357609
Dak Lak,2005,6,36.0,23.472444615384614,0.9971645888052977,11.987685422914533
Dak Lak,2005,7,0.0,22.8297,-0.06869936090116432,6.525758143442754
Dak Lak,2005,8,0.0,20.407353076923076,0.6535214045909703,5.189356456797283
Dak Lak,2005,9,3.0,21.303302307692306,1.0298047305046465,2.7365437513778406
Dak Lak,2005,10,5.0,22.678752307692307,0.5067017157962626,0.25450276389339976
Dak Lak,2005,11,5.0,24.513484615384616,0.5321096746551247,0.8750112648210865
Dak Lak,2005,12,4.0,26.17903692307692,0.7835855181928261,3.686637371384467
Dak Lak,2006,1,3.0,25.789040769230766,0.3766944031722573,6.367279198737099
Dak Lak,2006,2,7.0,25.23466923076923,-0.3446687221715121,6.185290735000028
Dak Lak,2006,3,15.0,24.16904615384615,-0.2886197249549869,6.378552437616656
Dak Lak,2006,4,21.0,23.761283846153844,0.5105862340043005,9.031065256119918
Dak Lak,2006,5,24.0,23.71408692307692,0.738286479742144,10.822928456876136
Dak Lak,2006,6,21.0,23.327603846153846,-0.06972229898126343,8.494629112717048
Dak Lak,2006,7,12.0,23.580826153846154,-1.1303547904171594,4.002820619252116
Dak Lak,2006,8,7.0,22.01802461538462,-1.3695532019437333,1.5171400138150106
Dak Lak,2006,9,7.0,21.066280000000003,-0.8031515834073155,0.7819508345374533
Dak Lak,2006,10,3.0,23.474958461538463,-0.8881495336600348,0.20784960456519627
Dak Lak,2006,11,2.0,25.358886923076923,-0.1731495304888672,1.055396266609093
Dak Lak,2006,12,3.0,26.334204615384614,0.22004782518208366,2.087245337091959
Dak Lak,2007,1,3.0,24.919662307692306,-0.18303441440016652,3.878505188577736
Dak Lak,2007,2,7.0,25.17085846153846,-0.256610161490734,5.0487981553977495
Dak Lak,2007,3,25.0,24.351866923076923,-0.4248384964260579,5.164991795586849
Dak Lak,2007,4,25.0,23.92922846153846,0.7150560111889612,10.837534576869352
Dak Lak,2007,5,29.0,23.897751538461538,1.5970315170551148,15.088849235326048
Dak Lak,2007,6,24.0,22.824742307692308,0.8571245405779524,11.231916419302037
Dak Lak,2007,7,20.0,21.087454615384615,0.5694097615311788,8.571186873058862
Dak Lak,2007,8,8.0,21.410265384615386,0.13219856883892844,4.746278917292122
Dak Lak,2007,9,8.0,21.051056923076924,0.27143949139327034,0.921136774965047
Dak Lak,2007,10,5.0,20.446085384615383,1.3010141389823775,0.8748935752709469
Dak Lak,2007,11,4.0,23.225681538461536,1.4376478627238831,1.506557841471826
Dak Lak,2007,12,1.0,25.621013846153843,0.7216272957498714,2.1842871479188593
Dak Lak,2008,1,3.0,24.363646153846155,0.7966265417581426,6.3010250495818365
Dak Lak,2008,2,9.0,25.001728461538463,0.14734514957097836,7.238079923599098
Dak Lak,2008,3,31.0,24.522652307692308,-1.475165458292152,3.076424513262912
Dak Lak,2008,4,27.0,24.03819846153846,-0.8083682589340169,4.9319165006566505
Dak Lak,2008,5,29.0,23.64407153846154,0.3381332060650642,9.31829385137042
Dak Lak,2008,6,0.0,23.56906,0.47011555120837145,9.904572328266045
Dak Lak,2008,7,0.0,22.087028461538463,0.5474194199923343,8.927751242971192
Dak Lak,2008,8,46.0,20.581413076923074,0.8216229792593416,6.287298456300049
Dak Lak,2008,9,14.0,19.363698461538462,0.6234943540647416,1.8730546016391043
Dak Lak,2008,10,8.0,23.09418230769231,0.8787458406430838,0.5048571470069874
Dak Lak,2008,11,11.0,25.175526923076923,1.1027883913905403,0.8961160100835303
Dak Lak,2008,12,10.0,24.897585384615386,1.2554112783918148,4.626584210200236
Dak Lak,2009,1,22.0,24.123270769230768,1.7785745891339138,9.912163001270251
Dak Lak,2009,2,46.0,24.942684615384618,0.8384072118589008,9.071900652578243
Dak Lak,2009,3,104.0,24.33069076923077,-0.001063120102977239,6.818467804875511
Dak Lak,2009,4,94.0,24.736793076923075,-0.00919763762004588,7.508304480534909
Dak Lak,2009,5,0.0,23.235412307692307,0.4567440498239367,9.536953777289732
Dak Lak,2009,6,0.0,23.22344,0.4849201993341656,9.05776084758914
Dak Lak,2009,7,78.0,22.315653846153847,-0.31296814271533335,5.5877088184038595
Dak Lak,2009,8,44.0,21.589553846153844,-0.785474068706619,2.3248415033902265
Dak Lak,2009,9,35.0,22.096512307692308,0.041385701950209866,1.4446004585932242
Dak Lak,2009,10,15.0,24.82383769230769,0.20834786056252283,1.364756496154751
Dak Lak,2009,11,32.0,25.97082076923077,-0.7693539940605372,0.32533326366073045
Dak Lak,2009,12,14.0,27.62267230769231,-0.4858564670919034,2.191456500021069
Dak Lak,2010,1,43.0,27.31804923076923,-0.5830407752662863,4.730784952139052
Dak Lak,2010,2,227.0,25.796597692307692,-0.6253891944421102,5.64311371328166
Dak Lak,2010,3,750.0,24.80074153846154,0.11448998670886695,6.659536515004358
Dak Lak,2010,4,2059.0,24.316164615384615,0.5518310135057065,8.385695982724426
Dak Lak,2010,5,0.0,24.305127692307693,-0.4054543170041507,7.799811911984133
Dak Lak,2010,6,1115.0,23.227934615384616,0.27129611404487225,13.24794787125519
Dak Lak,2010,7,500.0,21.76563846153846,2.1591715342129545,24.269604733070505
Dak Lak,2010,8,0.0,20.94831,1.1622040409578172,14.93620458318919
Dak Lak,2010,9,11.0,20.128924615384616,0.2101699531672281,0.6862093336114694
Dak Lak,2010,10,9.0,22.364158461538462,0.22622041951238542,0.06624953180643336
Dak Lak,2010,11,6.0,22.276117692307693,0.7378682794005296,1.1313180266965943
Dak Lak,2010,12,9.0,24.64686230769231,0.7064633824450716,2.1363129579605387
Dak Lak,2011,1,7.0,25.419051538461538,0.4070751591429109,5.4623400702929255
Dak Lak,2011,2,13.0,24.519272307692308,0.40710196847277114,7.384408193712051
Dak Lak,2011,3,33.0,24.33079769230769,0.05992806697381014,6.754459383396003
Dak Lak,2011,4,33.0,24.278747692307693,0.3490350099921376,8.390879168963199
Dak Lak,2011,5,45.0,23.541325384615387,0.31473955831328065,9.480201836245557
Dak Lak,2011,6,37.0,23.090427692307692,0.21750944013002135,9.353165908788254
Dak Lak,2011,7,15.0,22.69118769230769,-0.24180285612404542,5.624931607878978
Dak Lak,2011,8,7.0,20.466383846153846,-0.37284807029954964,1.6163130971842923
Dak Lak,2011,9,4.0,21.42746615384615,0.8773487480862359,1.3923367230640553
Dak Lak,2011,10,5.0,23.00740153846154,1.4724871254003928,1.338286460780252
Dak Lak,2011,11,4.0,24.62585,1.5953532380630693,3.103603157796898
Dak Lak,2011,12,8.0,25.142533846153846,1.7345437550023095,6.108972808131233
Dak Lak,2012,1,4.0,25.32931307692308,0.7799521299758587,6.478336568062122
Dak Lak,2012,2,20.0,24.73767769230769,-0.1281940108121962,6.1630139825865635
Dak Lak,2012,3,55.0,24.30788846153846,0.4190592290812321,8.001543518800569
Dak Lak,2012,4,105.0,24.558130769230768,0.4448145379380852,9.056844569456114
Dak Lak,2012,5,181.0,23.464636923076924,0.9113374158729024,12.267960844418175
Dak Lak,2012,6,218.0,23.298090000000002,0.22901280922437303,9.168752744349495
Dak Lak,2012,7,163.0,23.89920384615385,-1.1344634282591994,2.9822438105978866
Dak Lak,2012,8,137.0,23.01694230769231,-1.1094020109085638,2.0378641270028734
Dak Lak,2012,9,63.0,21.338951538461536,-0.6056910941443688,0.8379157827552978
Dak Lak,2012,10,16.0,23.378540769230767,0.4947203610071682,1.3594741512161614
Dak Lak,2012,11,11.0,25.814204615384615,0.23393435786483424,0.9176403803464317
Dak Lak,2012,12,116.0,26.302305384615387,0.18700813208943862,1.8687836933307918
Dak Lak,2013,1,361.0,25.71085692307692,0.4537934654957931,5.293964721763934
Dak Lak,2013,2,638.0,24.443686153846155,0.7823098386745821,7.870512566744133
Dak Lak,2013,3,1134.0,23.937836923076926,1.362704364770707,8.713979721785737
Dak Lak,2013,4,930.0,23.875376923076924,1.0932115837291176,9.236603079793541
Dak Lak,2013,5,924.0,23.472286923076922,0.5237420984933575,9.726044256240126
Dak Lak,2013,6,416.0,22.803225384615384,0.05585728626683287,8.515407008906969
Dak Lak,2013,7,234.0,22.64806,-0.17676888643477756,6.25584747355718
Dak Lak,2013,8,97.0,19.845106153846153,-0.40656459433528497,3.05878185162538
Dak Lak,2013,9,15.0,19.539823076923078,-0.8369084681448175,0.29972654041242863
Dak Lak,2013,10,18.0,22.598216923076922,-0.7912903100040082,0.06478127662691033
Dak Lak,2013,11,18.0,25.2504,-0.7551704550713418,0.32506764227946416
Dak Lak,2013,12,31.0,25.875232307692308,0.08182876596656091,2.775324021058623
Dak Lak,2014,1,20.0,26.09476692307692,0.30372317555101297,5.312996746327443
Dak Lak,2014,2,16.0,25.02852615384615,0.5140795760560912,8.36715603677126
Dak Lak,2014,3,27.0,24.11609692307692,1.9402647953596626,11.657806471563308
Dak Lak,2014,4,29.0,24.394188461538462,1.068042644975312,9.661881217303192
Dak Lak,2014,5,64.0,23.952003076923077,-0.9267765479694473,6.578987392668538
Dak Lak,2014,6,53.0,23.753875384615387,-1.2635235925482289,5.409576831600413
Dak Lak,2014,7,41.0,23.611935384615382,-1.133089429558639,3.7273947192051513
Dak Lak,2014,8,34.0,21.099453076923076,-0.38670637044869693,2.2672896727901666
Dak Lak,2014,9,9.0,20.14244846153846,-0.053496765598222286,1.0240998345195225
Dak Lak,2014,10,10.0,22.356359230769232,-0.44741359542044684,0.19346287655690297
Dak Lak,2014,11,11.0,25.404673846153848,-0.7628331089924298,0.23394501679027047
Dak Lak,2014,12,18.0,26.373794615384615,-1.1811036571958615,0.7459924126683641
Dak Lak,2015,1,12.0,26.347335384615384,-1.0942309497359597,2.8856627580423195
Dak Lak,2015,2,25.0,25.21455076923077,-0.338906102501766,6.0381080346325255
Dak Lak,2015,3,81.0,24.47814,0.5539068913035666,8.0032493166912
Dak Lak,2015,4,233.0,24.532447692307695,0.2092031309406122,7.653182793336989
Dak Lak,2015,5,523.0,24.467992307692306,-0.8783046166790848,6.677391338878526
Dak Lak,2015,6,888.0,23.90996076923077,-1.0503633491624162,6.173056013022476
Dak Lak,2015,7,748.0,24.053953846153846,-0.3985896935064749,6.4941406823121595
Dak Lak,2015,8,452.0,22.91270076923077,-0.22817805623080872,4.72778312709684
Dak Lak,2015,9,185.0,23.56828846153846,-0.20593393111473443,1.4581796646010698
Dak Lak,2015,10,125.0,22.23309153846154,-0.39369731017118037,0.4739225879312961
Dak Lak,2015,11,110.0,25.77627076923077,-0.9671236060442825,0.23190397777083346
Dak Lak,2015,12,85.0,28.357854615384614,-1.3841062988700021,0.5655190714238552
Dak Lak,2016,1,168.0,27.075303846153847,-0.8193970204799921,4.348974807026725
Dak Lak,2016,2,647.0,25.277686923076924,0.180430714946768,7.885845986982952
Dak Lak,2016,3,1472.0,24.748202307692306,-0.5367966863668261,5.439614357713324
Dak Lak,2016,4,4293.0,24.87716923076923,-1.3400651423360228,4.527732998562546
Dak Lak,2016,5,2981.0,24.404766923076924,-0.26354956229188836,9.038102204123364
Dak Lak,2016,6,1608.0,23.63262,0.24144197855776925,8.818115197265374
Dak Lak,2016,7,1085.0,23.396740769230767,0.2425010008009217,6.978474217108811
Dak Lak,2016,8,475.0,21.844576153846155,1.3210158280303934,9.630058605510454
Dak Lak,2016,9,175.0,21.503166923076925,1.974940650327679,6.4802196306677935
Dak Lak,2016,10,104.0,21.50404307692308,1.8620091818904287,1.2783199081940648
Dak Lak,2016,11,107.0,24.45186153846154,1.0892924872220517,0.6405192571736946
Dak Lak,2016,12,64.0,25.606665384615383,0.6408589287423668,2.5332674010244842
Dak Lak,2017,1,89.0,25.280724615384614,0.9815340717758395,6.337037856260745
Dak Lak,2017,2,113.0,24.983596923076924,0.3901086424413997,6.8806242466402745
Dak Lak,2017,3,260.0,24.070426923076923,0.06054827279330995,6.225120455313188
Dak Lak,2017,4,411.0,24.632567692307695,-0.5134041509963496,5.6364487032764234
Dak Lak,2017,5,322.0,24.916169230769235,-1.5457446074922605,5.311941235469511
Dak Lak,2017,6,310.0,23.55922076923077,-0.9110531054255996,6.586142314168123
Dak Lak,2017,7,189.0,23.167638461538463,0.19072647508078905,7.073196654136367
Dak Lak,2017,8,78.0,20.80864,0.5760276448459729,4.986985747774061
Dak Lak,2017,9,22.0,21.827399999999997,0.8346043832969864,1.5317934518791911
Dak Lak,2017,10,9.0,21.856323846153845,0.48018768970585174,0.24950174736204647
Dak Lak,2017,11,14.0,23.821670769230767,0.37717837117211633,0.6220687619046518
Dak Lak,2017,12,23.0,25.94116384615385,0.40349305581146905,2.150610805704043
Dak Lak,2018,1,28.0,26.021833076923073,-0.2376227127297662,4.350201190950778
Dak Lak,2018,2,42.0,24.452364615384617,0.2502326440056756,6.883705428873118
Dak Lak,2018,3,85.0,24.291798461538463,0.3521827549724724,7.402328120616193
Dak Lak,2018,4,149.0,24.15454769230769,-0.12777050974128823,7.60564747123191
Dak Lak,2018,5,173.0,24.116600000000002,0.14936898334636445,9.819639622806939
Dak Lak,2018,6,297.0,23.997074615384616,-0.5805230699730035,7.4587905143674265
Dak Lak,2018,7,186.0,23.82630153846154,-1.0228521268187234,4.707567156471598
Dak Lak,2018,8,102.0,23.138145384615385,-0.12326087083127686,4.362199831610688
Dak Lak,2018,9,25.0,21.735731538461536,0.37840396972287427,2.3863207304832312
Dak Lak,2018,10,50.0,24.46758076923077,-0.5518848946099068,0.817440214588644
Dak Lak,2018,11,93.0,26.67070384615385,-1.0170312734326017,0.4647701162919194
Dak Lak,2018,12,87.0,27.58963,-0.43430457408613143,1.6061969027550025
Dak Lak,2019,1,397.0,26.500032307692308,-0.1118856366365489,4.971012567134143
Dak Lak,2019,2,2091.0,25.972396923076925,-0.35100502197563876,6.510550639807031
Dak Lak,2019,3,5342.0,25.10617846153846,-0.6843727942988166,6.296377396211026
Dak Lak,2019,4,6389.0,24.661444615384614,0.25129770067682256,9.97974456717761
Dak Lak,2019,5,4109.0,23.800269999999998,1.0969053391952963,13.350229746160595
Dak Lak,2019,6,3001.0,24.22379846153846,0.18034281646539438,10.421954847585699
Dak Lak,2019,7,1085.0,22.197174615384615,-0.11437773516329869,7.587757767536318
Dak Lak,2019,8,370.0,21.032506923076923,-0.25204336175594144,4.327151771585353
Dak Lak,2019,9,123.0,22.193800000000003,-1.1296501065338644,0.3464242753877373
Dak Lak,2019,10,62.0,22.575358461538464,-0.8143163962674256,0.3270904065944843
Dak Lak,2019,11,27.0,26.299294615384614,-0.823545836470838,0.27927039585707564
Dak Lak,2019,12,22.0,26.26897230769231,-1.2248752562347136,0.5381091828334881
Dak Lak,2020,1,56.0,27.899909230769232,-1.744338998446376,2.0998080681937816
Dak Lak,2020,2,54.0,25.402192307692307,-1.2341258364816388,4.318232048087968
Dak Lak,2020,3,80.0,24.969756923076922,-0.021694066483715555,6.101503475712469
Dak Lak,2020,4,152.0,24.862408461538458,-0.5956289674636439,5.821281650031988
Dak Lak,2020,5,244.0,24.56483230769231,-1.0876012105921748,6.400930175844293
Dak Lak,2020,6,242.0,23.366643846153845,0.11886195004215686,9.76367405830667
Dak Lak,2020,7,192.0,22.639067692307695,0.8899828200670217,10.317161249426688
Dak Lak,2020,8,71.0,21.040473846153848,0.7183909402210505,5.7810429201568825
Dak Lak,2020,9,40.0,19.780134615384615,0.8134133563850252,1.6015996290941703
Dak Lak,2020,10,7.0,21.69288846153846,0.7445737958425135,0.5036400640305008
Dak Lak,2020,11,21.0,24.897743076923078,-0.028090383278512952,0.3275402962642079
Dak Lak,2020,12,18.0,25.845042307692307,-0.23205078599810908,1.403284878436422
Dong Nai,1998,1,0.0,28.823764545454548,-0.9718088259675671,3.6993253002451216
Dong Nai,1998,2,0.0,26.683619999999998,-1.123043296008612,5.664385685866528
Dong Nai,1998,3,0.0,26.56693909090909,-1.3962945130526134,6.290746302428571
Dong Nai,1998,4,0.0,26.344921818181817,-1.1552921741191766,8.208141514015468
Dong Nai,1998,5,0.0,25.643938181818182,0.2948432858029027,12.035562445155604
Dong Nai,1998,6,0.0,25.599716363636364,0.5490452759682619,11.67013447477737
Dong Nai,1998,7,0.0,24.76193727272727,0.5558702507770483,7.9231474082916975
Dong Nai,1998,8,0.0,24.383579090909095,1.3528917435019547,5.060179550624027
Dong Nai,1998,9,0.0,25.03524909090909,1.7014567897249089,2.5213229660452767
Dong Nai,1998,10,0.0,26.01158181818182,1.416339886412999,1.0446247549473566
Dong Nai,1998,11,0.0,27.517287272727273,1.0096678266725339,1.0088167618960147
Dong Nai,1998,12,0.0,26.287242727272726,1.4698799193427625,4.551629160149871
Dong Nai,1999,1,0.0,25.95629,1.5313436968146208,8.54219115254554
Dong Nai,1999,2,0.0,25.455495454545453,0.7913531857424083,9.56608105281537
Dong Nai,1999,3,0.0,25.36638909090909,0.7397703685917937,11.154118883000182
Dong Nai,1999,4,0.0,25.677994545454546,-0.2377184676592878,9.922558230093939
Dong Nai,1999,5,0.0,25.768085454545453,-1.8696397704246357,7.146972951225259
Dong Nai,1999,6,0.0,25.421399090909087,-0.7028478546676076,9.426899084990678
Dong Nai,1999,7,0.0,25.017898181818182,0.8570216096551572,8.808003484525466
Dong Nai,1999,8,0.0,23.725837272727276,0.7287553898865439,3.5164729607376186
Dong Nai,1999,9,0.0,25.63688090909091,0.5517438315690509,1.03979232583449
Dong Nai,1999,10,0.0,26.069808181818185,0.9971996073706602,1.0729345799931755
Dong Nai,1999,11,0.0,27.019270000000002,1.4809115947406075,1.6391995198897682
Dong Nai,1999,12,0.0,27.230286363636363,1.1899706879972998,2.622376846953887
Dong Nai,2000,1,0.0,26.710097272727275,0.6797276941380553,5.612831626256758
Dong Nai,2000,2,0.0,25.77405090909091,0.3705867035377116,8.652639702301137
Dong Nai,2000,3,0.0,25.583801818181822,-0.009250121627170125,9.556872727857396
Dong Nai,2000,4,0.0,25.572474545454543,0.34833229889492473,11.548541274599053
Dong Nai,2000,5,0.0,25.676289090909094,-0.140571247429274,11.24326850880276
Dong Nai,2000,6,0.0,24.961027272727275,0.25839698408612166,11.682641396129673
Dong Nai,2000,7,0.0,25.354294545454547,0.8766985061907998,9.195357116616586
Dong Nai,2000,8,0.0,24.92903090909091,0.6466456972098138,3.753197718073021
Dong Nai,2000,9,23.0,25.029987272727272,1.1388195785782314,1.694693050177937
Dong Nai,2000,10,43.0,25.982686363636365,1.0316004099953189,0.17873531098964376
Dong Nai,2000,11,30.0,27.053034545454544,1.3016154166880778,1.348020164269573
Dong Nai,2000,12,165.0,27.88917181818182,0.9174368772464568,2.214271813334728
Dong Nai,2001,1,70.0,27.31396727272727,0.008295902753481759,4.418536438606679
Dong Nai,2001,2,165.0,25.972577272727275,0.47359073116680894,9.436612440781165
Dong Nai,2001,3,153.0,26.06933,0.06215044640066428,10.346050628206948
Dong Nai,2001,4,0.0,25.673626363636366,0.1236145947875731,11.632762849330893
Dong Nai,2001,5,133.0,26.029911818181816,0.26363761565015387,12.329434044659136
Dong Nai,2001,6,0.0,25.50094181818182,-0.8304788020744588,8.8496170938015
Dong Nai,2001,7,0.0,24.720423636363638,-0.5178598137864832,5.849697754125703
Dong Nai,2001,8,120.0,25.526528181818183,-0.5405176501024029,2.3291282017122614
Dong Nai,2001,9,65.0,26.131428181818183,-1.3461225281337528,0.28939233842803247
Dong Nai,2001,10,50.0,26.823421818181817,-1.8833660549385647,0.052412792063643604
Dong Nai,2001,11,77.0,27.946415454545456,-1.7550990882474018,0.08458812871222926
Dong Nai,2001,12,287.0,28.962214545454547,-1.60688820685316,0.675945751812501
Dong Nai,2002,1,185.0,28.65825818181818,-1.743392193332251,2.3492945262908247
Dong Nai,2002,2,287.0,26.428896363636362,-0.13383698900861457,8.227152199569076
Dong Nai,2002,3,441.0,26.713816363636365,-0.2375680478764604,9.835387580096723
Dong Nai,2002,4,491.0,25.629897272727273,-1.2855842272740843,8.128895508972084
Dong Nai,2002,5,441.0,25.550981818181814,-0.48661339842802653,9.917947400191972
Dong Nai,2002,6,297.0,25.679568181818183,-0.12846446138254805,10.293968932025804
Dong Nai,2002,7,245.0,25.340825454545453,0.09241708669286726,6.979839781045229
Dong Nai,2002,8,170.0,25.736267272727275,0.5778130785945771,3.3480137459595087
Dong Nai,2002,9,126.0,25.014153636363634,0.4533611113029881,1.5723715770780635
Dong Nai,2002,10,103.0,26.975634545454547,-0.6408951809765445,0.0899489258449777
Dong Nai,2002,11,58.0,28.21629909090909,-0.9277329752866172,0.2721707693951393
Dong Nai,2002,12,150.0,29.055009090909092,-1.1688894712235167,0.7070136763848661
Dong Nai,2003,1,83.0,26.77906181818182,0.16580626696005998,6.468827991656401
Dong Nai,2003,2,150.0,26.306055454545454,0.316206178766207,8.888807592236175
Dong Nai,2003,3,184.0,25.762112727272726,-0.7899087793081455,7.557736159386957
Dong Nai,2003,4,244.0,25.929167272727273,-0.9544009055044017,8.188489697534926
Dong Nai,2003,5,197.0,25.464803636363637,-0.07274849270177539,11.471503350714386
Dong Nai,2003,6,172.0,25.316403636363635,1.0606404273512313,13.453032906082536
Dong Nai,2003,7,187.0,25.860814545454545,-0.08569866624626923,6.878318466161461
Dong Nai,2003,8,0.0,24.933219090909088,-0.9021413368141893,1.5223653392075158
Dong Nai,2003,9,106.0,26.474170909090912,-1.1271822808520742,0.2090569951294893
Dong Nai,2003,10,78.0,26.36494,-0.8217069220710425,0.2392512852599731
Dong Nai,2003,11,70.0,27.630270909090907,-0.12159050805746661,0.48972105965235235
Dong Nai,2003,12,113.0,28.84206818181818,-0.13694280951940677,1.4601008336864076
Dong Nai,2004,1,102.0,27.715028181818184,0.3205414031096565,6.738567153330553
Dong Nai,2004,2,113.0,25.961852727272728,-0.04139904984917479,8.476318526928397
Dong Nai,2004,3,457.0,25.83883818181818,0.4709953373990628,10.783655346709901
Dong Nai,2004,4,201.0,25.603148181818185,0.6681775323439582,12.495740655470984
Dong Nai,2004,5,224.0,25.844816363636365,-0.8424253667287491,9.50384597209367
Dong Nai,2004,6,127.0,25.66612909090909,-0.7825972602361406,9.90385668013584
Dong Nai,2004,7,128.0,26.393017272727274,-1.156049936739511,5.807650196154353
Dong Nai,2004,8,103.0,25.78912090909091,-1.662460514068467,1.0352704795712442
Dong Nai,2004,9,65.0,25.60943,-1.4811471193903158,0.24623888707253624
Dong Nai,2004,10,63.0,27.079714545454546,-1.0609599902109639,0.2050216683293435
Dong Nai,2004,11,73.0,27.714936363636365,-0.7901545350408125,0.4801852942777755
Dong Nai,2004,12,65.0,28.771178181818183,-1.0587064136038362,1.0257293754627672
Dong Nai,2005,1,92.0,27.33356818181818,-0.4016484816968346,5.322799643512223
Dong Nai,2005,2,65.0,26.50226272727273,0.14325191661336634,8.999938653274018
Dong Nai,2005,3,164.0,25.589996363636363,-0.044176795136629865,9.423273954201832
Dong Nai,2005,4,264.0,26.054468181818184,-0.40529965305816806,9.615019133145156
Dong Nai,2005,5,378.0,25.572777272727272,-0.9847729630829469,8.813257350332353
Dong Nai,2005,6,358.0,25.72917181818182,-0.1803871403734088,9.943209779025482
Dong Nai,2005,7,434.0,25.305538181818182,0.5350244167512753,8.116677403450014
Dong Nai,2005,8,146.0,24.021233636363636,0.8781425056598592,3.5429407990622255
Dong Nai,2005,9,244.0,24.950104545454543,1.259021020607792,1.331502652398988
Dong Nai,2005,10,135.0,26.964667272727272,1.1141549419713865,0.7835723240118974
Dong Nai,2005,11,124.0,27.361486363636367,0.7846034781958839,0.9669250655199648
Dong Nai,2005,12,101.0,27.980527272727272,0.6565999122674806,2.7289020495531564
Dong Nai,2006,1,96.0,26.984602727272726,0.616693489677674,6.7328431812877
Dong Nai,2006,2,242.0,26.003086363636363,0.13483688238806948,8.534185673025517
Dong Nai,2006,3,543.0,25.60388272727273,-0.27583094891909793,8.632539538666604
Dong Nai,2006,4,943.0,25.497294545454544,0.1325392268869012,10.764367074113
Dong Nai,2006,5,617.0,25.515715454545454,0.3790733398151302,12.002098331735896
Dong Nai,2006,6,487.0,25.480013636363637,-0.12893388073705694,10.16461053355174
Dong Nai,2006,7,0.0,26.29543,-0.8782577638067526,5.4981085122562945
Dong Nai,2006,8,430.0,26.23710636363636,-1.0581148851923254,1.965272822417319
Dong Nai,2006,9,129.0,25.636994545454545,0.2583949379831944,2.0274609030986377
Dong Nai,2006,10,49.0,26.508059090909093,0.43249339483891147,1.2801146890110846
Dong Nai,2006,11,143.0,27.313662727272728,0.383141257907818,1.0210488736364909
Dong Nai,2006,12,151.0,28.32194363636364,0.4982473554194467,1.6962934460025294
Dong Nai,2007,1,153.0,26.358205454545452,0.6878547875164158,5.944194497053769
Dong Nai,2007,2,444.0,26.477754545454545,0.7759500188741516,9.536640401082963
Dong Nai,2007,3,880.0,25.705056363636366,0.973689256578934,11.669726428491153
Dong Nai,2007,4,777.0,25.479360909090907,1.1230106947156158,12.917009034109384
Dong Nai,2007,5,754.0,25.677497272727273,0.6102200844845164,12.35736785879866
Dong Nai,2007,6,587.0,25.051063636363633,0.5747642374285092,11.3918885842643
Dong Nai,2007,7,441.0,24.44665090909091,0.3078407292409748,7.209234712222081
Dong Nai,2007,8,311.0,25.69385090909091,-0.20008937765862084,2.6372938985084393
Dong Nai,2007,9,207.0,25.753726363636364,-0.3575247360441067,0.39395854897024535
Dong Nai,2007,10,151.0,26.54789545454545,0.13473782557193506,0.44706040286903515
Dong Nai,2007,11,136.0,27.012746363636367,0.7831963783306871,1.2326759639439515
Dong Nai,2007,12,119.0,28.086445454545455,0.9636223489094856,3.0303601260212334
Dong Nai,2008,1,238.0,25.88183,0.7931910661036532,6.309149839746004
Dong Nai,2008,2,652.0,26.062706363636366,-0.13841480795440686,6.964663763276556
Dong Nai,2008,3,1161.0,25.857332727272727,-0.10173415275340168,9.13752543485977
Dong Nai,2008,4,1472.0,25.709833636363637,0.60042698735573,12.194467581469905
Dong Nai,2008,5,1292.0,25.380443636363637,-0.28583584154927894,10.361891070550142
Dong Nai,2008,6,965.0,25.717964545454546,-1.0911968096756437,7.946156579154458
Dong Nai,2008,7,712.0,24.77030818181818,-0.17402014284245668,6.466336336664178
Dong Nai,2008,8,276.0,24.668587272727276,1.0103483995547462,4.210727532732893
Dong Nai,2008,9,378.0,23.876665454545456,0.7494963156843785,1.1168320827669669
Dong Nai,2008,10,247.0,25.97229,1.0168582309378082,0.3669038846577555
Dong Nai,2008,11,183.0,27.735345454545453,1.225727241317549,0.8921627899822352
Dong Nai,2008,12,204.0,27.64178272727273,1.3349173141641348,4.483477625233883
Dong Nai,2009,1,346.0,26.125076363636364,1.6166592598164207,8.964046412570914
Dong Nai,2009,2,495.0,26.42819454545455,0.004431524216848637,7.408315686255019
Dong Nai,2009,3,511.0,25.85603727272727,-1.4923076305980887,5.755546894347803
Dong Nai,2009,4,487.0,26.262166363636364,-0.37332328060116865,9.907264579934154
Dong Nai,2009,5,501.0,25.361134545454547,0.44764046169393107,11.94160698320378
Dong Nai,2009,6,417.0,25.46255727272727,0.1077356290556054,10.250773026861925
Dong Nai,2009,7,371.0,25.976311818181816,0.22343279752487308,8.009785384109072
Dong Nai,2009,8,180.0,25.916866363636363,-0.25016367912400805,3.602942226941444
Dong Nai,2009,9,167.0,25.92366363636364,-0.11955478234049108,1.3894950574136933
Dong Nai,2009,10,87.0,27.22918545454545,-0.10291439484309063,1.1809181393222055
Dong Nai,2009,11,91.0,28.241576363636362,-0.43127544390159367,0.7140030986854321
Dong Nai,2009,12,64.0,29.031884545454545,-0.45664767187046706,1.342119844842025
Dong Nai,2010,1,125.0,29.11748181818182,-1.3331661709377325,2.294632973974909
Dong Nai,2010,2,162.0,26.888959999999997,-0.9881456608299618,5.7329076331701465
Dong Nai,2010,3,466.0,26.19372,-0.5166768345700119,8.384879953651266
Dong Nai,2010,4,812.0,25.96912818181818,-0.15878139102986213,10.05170132372189
Dong Nai,2010,5,944.0,26.16158090909091,-0.15276221948736154,10.871730829504397
Dong Nai,2010,6,1127.0,25.094622727272725,0.5394807824993755,12.302592904730277
Dong Nai,2010,7,764.0,25.056883636363636,1.8775525760008847,11.94162666797638
Dong Nai,2010,8,586.0,24.931853636363634,1.3634332925331432,5.453819149724123
Dong Nai,2010,9,340.0,24.824081818181813,0.8510112402664961,1.085008862983986
Dong Nai,2010,10,209.0,26.297454545454546,0.4833116757339017,0.4086641311005224
Dong Nai,2010,11,152.0,26.61992818181818,0.7760078435395861,0.8509977160429115
Dong Nai,2010,12,117.0,27.121005454545454,1.1744704538061745,2.6746596135622407
Dong Nai,2011,1,178.0,26.891838181818184,0.7521081914409742,6.429001403210517
Dong Nai,2011,2,425.0,26.117444545454543,0.18184488117307815,8.48277730189941
Dong Nai,2011,3,676.0,25.823758181818178,-0.32537735372256793,8.816144725477152
Dong Nai,2011,4,617.0,25.901823636363634,-0.24857808863206052,10.188484056429429
Dong Nai,2011,5,775.0,25.412043636363638,-0.3552835649399583,10.183007604527203
Dong Nai,2011,6,591.0,25.565099999999997,-0.5580429064944136,8.994093947959216
Dong Nai,2011,7,539.0,25.7184,0.4137707900768943,8.339727106927471
Dong Nai,2011,8,492.0,24.71777454545455,0.8061695900140265,4.561441558921201
Dong Nai,2011,9,305.0,25.539123636363637,0.6289223679378053,0.9264584831808782
Dong Nai,2011,10,190.0,26.694369999999996,1.177693917987935,1.3278694929216406
Dong Nai,2011,11,247.0,27.82620090909091,1.5475063339847381,2.906800274186853
Dong Nai,2011,12,248.0,26.778423636363637,1.619293002316421,4.985673120245337
Dong Nai,2012,1,366.0,26.567639090909093,0.8868703878738075,6.511716574261133
Dong Nai,2012,2,539.0,26.137355454545457,-0.45348563235537365,6.445726506750692
Dong Nai,2012,3,615.0,25.81980909090909,-0.42917418991848977,8.451948831365868
Dong Nai,2012,4,766.0,26.029585454545455,-0.49547491125090387,9.578195421702482
Dong Nai,2012,5,784.0,24.981585454545453,0.20083992598456427,11.967478129504762
Dong Nai,2012,6,797.0,25.673313636363638,1.094717296732878,13.558384285054442
Dong Nai,2012,7,743.0,26.033735454545454,-0.042696716744949105,7.172347596761864
Dong Nai,2012,8,507.0,26.92333909090909,-0.7817499461772289,1.890280451995998
Dong Nai,2012,9,249.0,25.679607272727274,-0.345449322305541,0.6779761606594547
Dong Nai,2012,10,117.0,27.714715454545455,-0.27025363519907086,0.6256732700752433
Dong Nai,2012,11,110.0,28.483055454545454,-0.5851759467365278,0.5925740756951694
Dong Nai,2012,12,106.0,28.12295090909091,0.15158154152518655,1.6297267780332314
Dong Nai,2013,1,218.0,27.288217272727273,0.20411327764533355,4.470187705010175
Dong Nai,2013,2,315.0,26.05508818181818,0.08547208498760518,7.614207263527946
Dong Nai,2013,3,506.0,25.758919090909092,-0.3978666157761811,8.195527850396255
Dong Nai,2013,4,513.0,25.665915454545452,-0.1958897170602511,10.329354321584105
Dong Nai,2013,5,403.0,25.456674545454543,0.35947734719393604,11.799977245655924
Dong Nai,2013,6,508.0,25.424046363636364,-0.027908112482011072,10.234087409282273
Dong Nai,2013,7,543.0,25.512006363636363,-0.09815995429769112,6.853428076614036
Dong Nai,2013,8,473.0,24.53903181818182,-0.06279322620169525,2.1832964346024455
Dong Nai,2013,9,217.0,24.112264545454547,-0.09011300829138508,0.4960329381653784
Dong Nai,2013,10,108.0,25.548623636363633,0.011201681281799646,0.3741741390761243
Dong Nai,2013,11,119.0,27.807662727272728,-0.29533419353083584,0.5608052041762591
Dong Nai,2013,12,97.0,28.046782727272728,-0.16597984618944078,1.782750073206527
Dong Nai,2014,1,116.0,27.951804545454547,-0.055699889697250766,4.4197721925394795
Dong Nai,2014,2,179.0,26.603236363636366,0.521074696618623,9.5105920071629
Dong Nai,2014,3,222.0,25.81462727272727,1.2230548283118792,12.303877113894993
Dong Nai,2014,4,312.0,26.059485454545452,0.1886541153594652,11.142481287772007
Dong Nai,2014,5,334.0,25.723471818181817,-0.2765026848401465,10.814829517833207
Dong Nai,2014,6,432.0,25.68809272727273,-0.08736961873470502,10.344942100346087
Dong Nai,2014,7,509.0,26.023476363636362,-0.3950698265253486,6.0798790443434605
Dong Nai,2014,8,614.0,25.06657090909091,-0.3064172949158042,1.5082379752791235
Dong Nai,2014,9,519.0,24.626616363636366,0.056989587360858546,0.479926970993719
Dong Nai,2014,10,208.0,25.679231818181815,-0.009010833422664816,0.37008660662898124
Dong Nai,2014,11,201.0,27.75628181818182,-0.520661963610945,0.4986541045416908
Dong Nai,2014,12,169.0,28.50802,-0.8272998601564505,1.144415565993933
Dong Nai,2015,1,189.0,28.121899999999997,-0.7806203655018251,3.4443228240971537
Dong Nai,2015,2,338.0,26.81065636363636,-0.3819401447289815,7.679351245645771
Dong Nai,2015,3,784.0,26.338005454545453,0.2695058414739721,10.633284776386885
Dong Nai,2015,4,1268.0,26.237219090909093,-0.40572007491921125,9.80571418238634
Dong Nai,2015,5,1428.0,26.06042727272727,-0.8029898864591197,9.45426999929953
Dong Nai,2015,6,1118.0,26.09383,-0.44441172807619594,9.839904346418647
Dong Nai,2015,7,789.0,26.310997272727274,-0.6890054772366324,5.7127012352628475
Dong Nai,2015,8,626.0,26.07509909090909,-0.2715605751807605,2.431096556723457
Dong Nai,2015,9,690.0,27.20435090909091,-0.23058504225939272,1.5553242073193276
Dong Nai,2015,10,292.0,27.24725090909091,-0.9009960501287583,0.3886286457683044
Dong Nai,2015,11,243.0,27.859831818181817,-0.718099680673477,0.5409239668303845
Dong Nai,2015,12,144.0,29.188477272727276,-0.7935650032954645,1.1129432479554608
Dong Nai,2016,1,101.0,28.51273727272727,-0.0671824887171112,6.47554008041466
Dong Nai,2016,2,113.0,26.658346363636362,0.5584999097679069,10.546867227689788
Dong Nai,2016,3,178.0,26.238748181818185,0.13118665280683428,10.103413411839442
Dong Nai,2016,4,251.0,26.32443909090909,-0.32598200882080886,10.028520450842656
Dong Nai,2016,5,298.0,25.93576181818182,-0.7878499331231414,9.354523531245919
Dong Nai,2016,6,269.0,25.384807272727276,0.468086242026034,11.57641601325436
Dong Nai,2016,7,318.0,25.930862727272725,1.0542925388954052,9.298302550715478
Dong Nai,2016,8,283.0,24.96365272727273,1.2593685794654692,4.836298609999094
Dong Nai,2016,9,330.0,25.443730909090906,2.0514672409067845,3.363581665325911
Dong Nai,2016,10,271.0,25.53420909090909,1.7598885850508894,1.177649325902828
Dong Nai,2016,11,293.0,27.33395181818182,0.987547894050003,0.755879493557255
Dong Nai,2016,12,263.0,27.676331818181815,0.4998856655315725,1.7661198878406799
Dong Nai,2017,1,336.0,27.01291727272727,0.2110459071642081,4.016647898507389
Dong Nai,2017,2,494.0,26.512067272727275,-0.4957991086550853,6.162580272013489
Dong Nai,2017,3,764.0,25.801384545454543,-0.36749774999071616,8.411886784332719
Dong Nai,2017,4,897.0,26.04833,-0.09035789091622579,10.152416346086694
Dong Nai,2017,5,675.0,26.447940909090907,-0.8066432419631817,9.621144716881894
Dong Nai,2017,6,544.0,25.575439090909093,0.007225911454425458,10.895247677002443
Dong Nai,2017,7,519.0,25.72881,0.7829189768899777,8.528737351298334
Dong Nai,2017,8,419.0,24.982777272727272,0.16361545333822647,2.6234248653054233
Dong Nai,2017,9,321.0,25.761659090909088,0.7383790604104383,0.9694843439237122
Dong Nai,2017,10,151.0,26.172173636363638,0.8499472652227418,0.5544672368903939
Dong Nai,2017,11,185.0,27.79645454545454,0.32554980956487206,0.6508118891691663
Dong Nai,2017,12,152.0,28.712714545454546,-0.18696758586875611,1.3788328797090796
Dong Nai,2018,1,205.0,27.409094545454547,-0.7424062058379907,3.0622832154304813
Dong Nai,2018,2,358.0,26.171393636363636,-0.3068719126022893,6.806290983645751
Dong Nai,2018,3,759.0,25.752289090909088,0.2738815404950904,9.921367407183753
Dong Nai,2018,4,1037.0,25.60395909090909,0.5133057027193174,11.524343736131085
Dong Nai,2018,5,1146.0,25.67220818181818,0.7966230376834189,13.06859365749088
Dong Nai,2018,6,1470.0,26.062497272727274,-0.14513086242183015,10.725039840591224
Dong Nai,2018,7,1385.0,26.166806363636365,-0.34228819032989966,6.949938135221601
Dong Nai,2018,8,1079.0,26.03325,0.48797977575830576,3.7478092179464344
Dong Nai,2018,9,2249.0,25.56756181818182,0.43951465409436014,1.0824145098343823
Dong Nai,2018,10,1706.0,27.12521272727273,-0.31269740134240415,0.5991586036874319
Dong Nai,2018,11,1127.0,28.14691909090909,-0.5918290307223875,0.6743653648300095
Dong Nai,2018,12,821.0,29.130391818181817,-0.3142723731415345,1.4745344391981654
Dong Nai,2019,1,912.0,27.883743636363636,-0.4790187826111799,4.055013792822138
Dong Nai,2019,2,2258.0,26.879205454545456,-0.2594536960392531,7.58105852979828
Dong Nai,2019,3,6169.0,26.328861818181817,0.20218972851348765,10.377969084815554
Dong Nai,2019,4,6895.0,25.925445454545454,0.5311878195542634,12.113435786556122
Dong Nai,2019,5,5825.0,25.803473636363638,0.29040995408947656,11.957632081413813
Dong Nai,2019,6,4452.0,26.267116363636365,-1.0162535653334848,9.036658987910913
Dong Nai,2019,7,3688.0,25.46563090909091,-0.7217043551607308,6.324891974641518
Dong Nai,2019,8,2089.0,25.713616363636365,-0.3867693850920972,3.151597479617604
Dong Nai,2019,9,490.0,26.59891818181818,-1.1116161900595598,0.295473248446466
Dong Nai,2019,10,282.0,26.97310636363636,-1.0239252469785922,0.12842898170426698
Dong Nai,2019,11,182.0,28.12587818181818,-0.790968637919476,0.19687883121316024
Dong Nai,2019,12,148.0,28.23686181818182,-0.10164772995980939,1.6072394831677561
Dong Nai,2020,1,193.0,29.006093636363634,-0.6520803136043894,3.1992842295122417
Dong Nai,2020,2,272.0,26.674511818181816,-0.6572413392776011,6.58701167611236
Dong Nai,2020,3,557.0,26.44751181818182,-0.3691770708648512,8.874991421841763
Dong Nai,2020,4,678.0,26.465198181818185,-0.9385113889727119,8.64003533074124
Dong Nai,2020,5,934.0,26.26145818181818,-1.0376156463428399,8.987921861593014
Dong Nai,2020,6,865.0,25.288204545454548,-0.06899753392998477,10.093099543486135
Dong Nai,2020,7,885.0,25.86676909090909,0.4055723934783492,7.644256227649754
Dong Nai,2020,8,712.0,25.03880181818182,0.44218604377038045,3.5336047135801483
Dong Nai,2020,9,726.0,24.762184545454545,0.870757652438309,1.9618262409825216
Dong Nai,2020,10,311.0,25.411039090909092,0.8168604866075111,0.4994340805834247
Dong Nai,2020,11,314.0,27.60343909090909,0.5972148157707754,0.4397029161654329
Dong Nai,2020,12,335.0,27.438592727272727,0.5687068026767583,2.2349106068511237
Ha Noi,1998,1,0.0,27.7431025,-0.6722251485260413,4.115111092687585
Ha Noi,1998,2,0.0,29.33903,0.70603295155368,9.921710996422917
Ha Noi,1998,3,0.0,29.9081825,-0.31528547382856875,8.811880485154687
Ha Noi,1998,4,12.0,28.703815,-1.6873773119244588,5.282732250634579
Ha Noi,1998,5,30.0,26.86834,-0.9729343023816395,7.00580095872283
Ha Noi,1998,6,111.0,24.6473425,-0.5132604081378153,6.365861336234957
Ha Noi,1998,7,104.0,22.096245,-0.914218478977472,2.72593102636165
Ha Noi,1998,8,32.0,18.5465725,-1.0902139402816549,0.5039522256993223
Ha Noi,1998,9,0.0,17.270554999999998,-0.5967571623393162,0.7214036231744102
Ha Noi,1998,10,0.0,19.01302,-0.9466816555532862,0.5227212568570394
Ha Noi,1998,11,0.0,21.8203525,-1.4104601114288862,0.35349632889847266
Ha Noi,1998,12,0.0,24.91653,-0.32915818875043706,2.430849002848846
Ha Noi,1999,1,0.0,25.37441,0.9093310826154617,6.741644290741533
Ha Noi,1999,2,0.0,28.62274,0.8724983816278473,9.44991281721741
Ha Noi,1999,3,0.0,29.4333325,-0.026387219124129176,8.427545602899047
Ha Noi,1999,4,0.0,27.497235,-0.5379902997724747,8.236297930125147
Ha Noi,1999,5,0.0,26.697165000000002,-0.8835824747994083,7.423123926855622
Ha Noi,1999,6,0.0,24.3899525,-0.35252140823865946,6.704153260216118
Ha Noi,1999,7,0.0,20.827775,0.7599893605452193,5.766834423411639
Ha Noi,1999,8,0.0,15.120325,1.1502461543794424,3.192401956766845
Ha Noi,1999,9,0.0,17.3895825,0.16955426509537622,1.4788368116569475
Ha Noi,1999,10,0.0,16.3028875,-0.33912319291031123,0.4774305325554449
Ha Noi,1999,11,0.0,20.316285,0.38222290841394657,0.9754806596902188
Ha Noi,1999,12,0.0,24.968467500000003,0.5767783484075582,2.600816427730024
Ha Noi,2000,1,0.0,26.40591,0.7110266396188998,5.72920317063108
Ha Noi,2000,2,0.0,27.8187425,-0.05565636828469482,6.560418289154765
Ha Noi,2000,3,0.0,28.257894999999998,-0.34627459931703364,7.1613246691413215
Ha Noi,2000,4,0.0,28.078705,-0.40291459463621604,8.435816504061224
Ha Noi,2000,5,0.0,25.786292000000003,-0.2778348712593385,8.979281410574917
Ha Noi,2000,6,0.0,23.805366,0.3897967679637283,8.503850363194942
Ha Noi,2000,7,0.0,20.0519,-0.45047924163982456,3.6853643898211885
Ha Noi,2000,8,0.0,18.862932,-1.2477045294494649,0.06163544421724502
Ha Noi,2000,9,0.0,17.658622,-0.6311785932273721,0.3051613897696369
Ha Noi,2000,10,0.0,16.925848,0.28667408256774446,0.8374859811738128
Ha Noi,2000,11,0.0,21.010084,1.1414337681187194,2.60331002064049
Ha Noi,2000,12,0.0,24.964214,0.5127539486910854,3.171865572221575
Ha Noi,2001,1,0.0,26.1673,0.1490124745943085,5.104793352074919
Ha Noi,2001,2,0.0,27.981564000000002,0.8983157253192509,9.23013957217338
Ha Noi,2001,3,0.0,28.316826000000002,1.0427384496585876,11.640988942235731
Ha Noi,2001,4,0.0,27.446731999999997,1.559761139086441,14.79206290096045
Ha Noi,2001,5,0.0,26.808972,0.4046159032605419,11.222518375143416
Ha Noi,2001,6,0.0,24.967646000000002,-0.13498238630892376,7.69965979270637
Ha Noi,2001,7,0.0,19.821858,0.3093652854646229,5.744148895610123
Ha Noi,2001,8,0.0,16.533054,0.43755685213538165,1.6150309587828822
Ha Noi,2001,9,0.0,16.401988,0.35058079983676466,0.9317420655861502
Ha Noi,2001,10,0.0,18.882266,-0.19018960941827837,0.40976791642606275
Ha Noi,2001,11,0.0,21.922217999999997,-0.44281469364417925,0.2996212366269901
Ha Noi,2001,12,0.0,25.663054,-1.1172134210932052,1.1627321859123174
Ha Noi,2002,1,0.0,26.720166,0.0031868945330260244,6.270473008044073
Ha Noi,2002,2,0.0,28.667182000000004,0.6661499596576714,8.925425447523605
Ha Noi,2002,3,0.0,28.457407999999997,0.03485476385483028,7.75267593562603
Ha Noi,2002,4,0.0,27.21934,-0.48058059424595284,7.665155921131371
Ha Noi,2002,5,0.0,26.303726,-0.959594792107789,7.061668531969188
Ha Noi,2002,6,0.0,23.939923999999998,-0.5017803918617647,6.099333707243203
Ha Noi,2002,7,0.0,19.811038,0.13354040711692855,3.6343534826301016
Ha Noi,2002,8,0.0,17.545814,0.982273515120014,1.994546770583839
Ha Noi,2002,9,0.0,15.691526,1.014313949659074,1.73645418835804
Ha Noi,2002,10,0.0,20.296609999999998,-0.0064875809329534035,1.150734478142113
Ha Noi,2002,11,0.0,21.298302,-0.8900835098650374,0.5920586147112774
Ha Noi,2002,12,0.0,26.138572,-1.371452757664191,1.1477227060822761
Ha Noi,2003,1,0.0,27.885455999999998,-0.2680416511674029,5.464810063131152
Ha Noi,2003,2,0.0,28.790107999999996,0.3352114531574575,8.357292972505089
Ha Noi,2003,3,0.0,29.058481999999998,-0.45872672148511595,7.701761415228248
Ha Noi,2003,4,0.0,27.828702,-0.12973908504983506,10.01458973623812
Ha Noi,2003,5,0.0,26.329754,0.7608961252758618,12.64309417456389
Ha Noi,2003,6,0.0,25.093562,-0.35604607720881754,7.288433366920804
Ha Noi,2003,7,0.0,22.477764,-1.9488916395318259,0.9947825223207459
Ha Noi,2003,8,0.0,17.247768,-1.6702089007634817,0.2356444048928097
Ha Noi,2003,9,0.0,16.659476,-0.9168223298408662,0.2193956213886851
Ha Noi,2003,10,0.0,17.62708,-0.5257252892323097,0.6316519124084142
Ha Noi,2003,11,0.0,21.081961999999997,-0.3702322400573625,1.03934905491769
Ha Noi,2003,12,0.0,24.368878000000002,0.21704749542862406,2.863591664936392
Ha Noi,2004,1,0.0,25.966152,0.9619958144573421,7.2784454561769945
Ha Noi,2004,2,0.0,28.277148,0.4972502128278455,8.851446397602555
Ha Noi,2004,3,0.0,28.040665999999998,0.3519783761701908,9.73156858235598
Ha Noi,2004,4,0.0,27.900945999999998,0.10723229773156726,10.212623979896312
Ha Noi,2004,5,0.0,26.397778,-0.5887661563231826,8.043408207595352
Ha Noi,2004,6,0.0,24.309104,-1.2275044279337297,4.463230841793122
Ha Noi,2004,7,0.0,21.594198,-1.2758483693360656,1.401983399409801
Ha Noi,2004,8,0.0,17.831832,-0.3272579707619931,1.083082763943819
Ha Noi,2004,9,0.0,16.187244,0.0008548065340157805,0.7420303241815407
Ha Noi,2004,10,0.0,18.90861,-0.0692684924218739,0.71954702725634
Ha Noi,2004,11,0.0,19.599866,-0.3197670199133521,0.7843840226996692
Ha Noi,2004,12,0.0,24.343696,-0.7077523845947189,1.0607413249090332
Ha Noi,2005,1,0.0,29.621848,-1.0065317636092002,3.8496432476677023
Ha Noi,2005,2,0.0,29.476585999999998,-0.5755724596208844,6.911838008090856
Ha Noi,2005,3,0.0,28.516428,-0.5371748595040035,6.76065478473902
Ha Noi,2005,4,0.0,27.32063,-0.09487195506428799,9.500373248010861
Ha Noi,2005,5,0.0,26.824338,1.051913602698418,14.07056525349615
Ha Noi,2005,6,0.0,24.518874,0.0026398080850569957,8.5876015946269
Ha Noi,2005,7,0.0,21.258322,-0.09338723772231694,3.454613965004685
Ha Noi,2005,8,0.0,15.610937999999999,0.7046723998448207,2.807348466012628
Ha Noi,2005,9,0.0,17.103842,-0.7845140046235153,0.4894341516774145
Ha Noi,2005,10,0.0,17.926538,-0.6196895877007227,0.48672460834495695
Ha Noi,2005,11,0.0,20.263542,0.34997628910873935,0.7923357654362915
Ha Noi,2005,12,0.0,25.402828,-0.9846883299269219,0.950137386098503
Ha Noi,2006,1,0.0,26.70039,-1.0395757542594024,3.8017861661501215
Ha Noi,2006,2,0.0,28.784264,-0.5720816832232105,5.493491142988202
Ha Noi,2006,3,0.0,28.884346,-0.6419299182466112,6.161352014169093
Ha Noi,2006,4,0.0,26.987752,0.5406877881097849,11.070369044318806
Ha Noi,2006,5,0.0,26.589182,0.20161889169106617,10.929703852161776
Ha Noi,2006,6,0.0,25.523632,-0.9907305084156809,4.856683127582071
Ha Noi,2006,7,0.0,23.089754,-0.3321940330423566,2.669121441431346
Ha Noi,2006,8,0.0,17.105674,-0.2005284192302222,1.6341985377948753
Ha Noi,2006,9,0.0,15.507138000000001,-1.0624379962924935,0.1888878163299525
Ha Noi,2006,10,0.0,21.446842,-0.9567520549638939,0.5895315072848462
Ha Noi,2006,11,0.0,21.474694,-0.45073014165794617,0.8448859676718712
Ha Noi,2006,12,0.0,23.279048,-0.2823316217433335,1.9195304426830255
Ha Noi,2007,1,0.0,25.809785999999995,-0.2829225793690019,4.134264541789889
Ha Noi,2007,2,0.0,28.965481999999998,-0.4273782120802503,5.746813490986824
Ha Noi,2007,3,0.0,29.192290000000003,-0.40635157613860695,7.5091961771249744
Ha Noi,2007,4,0.0,28.080032,-0.3561276942707057,9.22440635040402
Ha Noi,2007,5,0.0,25.865485999999997,0.2021361886570189,11.172367539256804
Ha Noi,2007,6,1.0,24.388092,0.42443780979735085,9.210219047963616
Ha Noi,2007,7,0.0,19.505054,-0.8824578877644553,3.138613750343212
Ha Noi,2007,8,0.0,19.315862,-0.4762850944352232,0.6389070040313529
Ha Noi,2007,9,0.0,14.483302,0.6382623519122228,1.1290833412203936
Ha Noi,2007,10,0.0,13.015550000000001,-0.1949976625439148,0.9333883383078497
Ha Noi,2007,11,0.0,21.176502,-0.8899353288995915,0.4666904249461366
Ha Noi,2007,12,0.0,24.800184,-0.31805303668423124,2.022099884925411
Ha Noi,2008,1,0.0,26.344765000000002,0.14345890502005004,4.908027854980903
Ha Noi,2008,2,0.0,27.7395,0.30249144175087544,7.315723865758628
Ha Noi,2008,3,0.0,28.209695,0.6956919506508303,9.894805843941871
Ha Noi,2008,4,0.0,27.868505,0.4270098534719393,11.4511789288372
Ha Noi,2008,5,61.0,26.920275,0.0925029149391607,10.412872885353881
Ha Noi,2008,6,84.0,25.182125,0.7515589668078425,11.249697767198079
Ha Noi,2008,7,34.0,19.5297,1.435760414511555,10.489815031178287
Ha Noi,2008,8,0.0,16.77744,0.5844534589582977,4.192115127807482
Ha Noi,2008,9,0.0,14.920995000000001,-1.1822270994255335,0.41735884587978944
Ha Noi,2008,10,1.0,22.2879575,-1.86306194099257,0.19301731663290422
Ha Noi,2008,11,0.0,21.346335,-0.6892797005171892,1.128605763369707
Ha Noi,2008,12,0.0,24.3729,0.6050998608914082,3.3457351964898416
Ha Noi,2009,1,0.0,26.04056,0.8594568417318016,6.3946424634195855
Ha Noi,2009,2,2.0,28.896595,0.42828603292443357,8.118837722577155
Ha Noi,2009,3,28.0,28.419262500000002,0.786849951299237,11.738642235286552
Ha Noi,2009,4,107.0,28.54524,0.1767544986587862,11.175237130373732
Ha Noi,2009,5,226.0,27.468365,-0.653884330113594,8.119677775539458
Ha Noi,2009,6,246.0,24.9875975,-0.31580755342870165,6.499666662421079
Ha Noi,2009,7,124.0,19.7163575,-1.1773884877348888,1.991499924770325
Ha Noi,2009,8,21.0,18.81053,-1.065540553903941,0.36618045851355396
Ha Noi,2009,9,4.0,17.202894999999998,0.6158246302020738,1.7177806403196894
Ha Noi,2009,10,2.0,20.671172499999997,-0.12062093284571877,1.619892324015383
Ha Noi,2009,11,3.0,22.213494999999998,-2.01926953469063,0.09084507141654535
Ha Noi,2009,12,2.0,23.7065425,-1.1845070468885832,1.1080248062613762
Ha Noi,2010,1,4.0,28.392207499999998,-0.1854987540160723,4.0053184784483165
Ha Noi,2010,2,3.0,29.4443425,-0.4793289595752656,6.022638815920801
Ha Noi,2010,3,5.0,29.583,-0.398313820262615,7.95613107038662
Ha Noi,2010,4,11.0,26.988007500000002,0.3355580135495616,11.228807619772853
Ha Noi,2010,5,24.0,27.0885075,0.26352526612588445,10.274746804498136
Ha Noi,2010,6,24.0,23.5522925,-0.6580974578808021,5.261827667709438
Ha Noi,2010,7,11.0,20.563000000000002,-1.0977039381733877,1.5094125119503579
Ha Noi,2010,8,3.0,18.3036475,-0.42192969443906675,0.36395765346242115
Ha Noi,2010,9,1.0,12.173355,-0.2583173699082466,0.416639930335805
Ha Noi,2010,10,2.0,17.2527775,-0.2931983262121998,0.3980837391281967
Ha Noi,2010,11,1.0,16.6588725,0.7232254250245662,1.6792050118965562
Ha Noi,2010,12,0.0,23.181269999999998,0.5155315795885543,2.385385436355135
Ha Noi,2011,1,0.0,25.7740875,-0.1801301667078612,3.7709215976065025
Ha Noi,2011,2,3.0,28.75586,0.5391285064050256,8.900008338969215
Ha Noi,2011,3,4.0,28.4453925,0.6626166660655695,10.56483376305552
Ha Noi,2011,4,16.0,27.3732075,-0.017512192641752,10.040296125225707
Ha Noi,2011,5,20.0,25.972955,0.5337114502126272,12.527589569799575
Ha Noi,2011,6,21.0,23.25714,0.7076646367673595,10.03942411625757
Ha Noi,2011,7,28.0,22.471420000000002,0.1831020865778161,4.059993894770742
Ha Noi,2011,8,11.0,15.9089575,-0.5560960666536922,1.2049062861478896
Ha Noi,2011,9,1.0,14.3932225,-0.18566818535844737,0.6893097524880436
Ha Noi,2011,10,2.0,15.94953,0.7245413174191705,0.8671623145346534
Ha Noi,2011,11,2.0,20.7973475,-0.05378702798048855,0.5572939917328765
Ha Noi,2011,12,2.0,26.104015,-0.8994498616859865,1.315013840212487
Ha Noi,2012,1,9.0,27.7074175,0.15921458868156868,6.898941181134436
Ha Noi,2012,2,2.0,28.7731875,0.9899930259938857,10.253271204419438
Ha Noi,2012,3,3.0,28.639175,0.5152849170130305,9.8344716243446
Ha Noi,2012,4,11.0,28.0021475,0.8317424881491309,12.800366384908575
Ha Noi,2012,5,6.0,26.11636,0.615346583035932,12.10895704571158
Ha Noi,2012,6,11.0,25.146752499999998,-0.00624277964740275,7.556646072771399
Ha Noi,2012,7,24.0,22.233047499999998,0.30361312413917785,4.367569636087864
Ha Noi,2012,8,3.0,17.5973075,1.1207325988844228,2.5117179029621175
Ha Noi,2012,9,2.0,15.1282825,0.9862906275900494,1.2868920384789817
Ha Noi,2012,10,0.0,19.3767325,0.30625472165268464,0.623651285422966
Ha Noi,2012,11,0.0,22.9074,-0.32756002097820336,0.6588606047444042
Ha Noi,2012,12,2.0,24.71272,-0.4257288573379443,1.7250013406737712
Ha Noi,2013,1,1.0,28.098025,-0.0020420805036306874,4.6461973688565195
Ha Noi,2013,2,9.0,28.36348,-0.2270510102307664,6.550966994836925
Ha Noi,2013,3,16.0,27.5963575,0.718665916643676,12.135534721892315
Ha Noi,2013,4,45.0,27.95942,1.1652469964045111,15.093022724613537
Ha Noi,2013,5,53.0,25.6536125,0.6978794519325556,12.27417518384755
Ha Noi,2013,6,12.0,23.832430000000002,0.11445692675518554,7.752758683636786
Ha Noi,2013,7,34.0,21.043625,-0.06961886294788436,3.2428439590148614
Ha Noi,2013,8,12.0,14.441665,0.23490030935547415,1.7708073428366324
Ha Noi,2013,9,1.0,16.013975,-1.032734316882898,0.3504670803522457
Ha Noi,2013,10,0.0,16.792915,-1.0136888877918788,0.3764603807212553
Ha Noi,2013,11,1.0,20.2951775,0.5372173640349798,1.451766816899181
Ha Noi,2013,12,2.0,25.3903825,1.132982809468665,3.4433541586622587
Ha Noi,2014,1,4.0,28.51995,0.09020021346899852,5.007594532798975
Ha Noi,2014,2,0.0,29.0248875,-0.41314026164539414,6.5246058511547735
Ha Noi,2014,3,4.0,28.077025,0.2133563972163816,8.138394041452555
Ha Noi,2014,4,13.0,27.5799925,0.07950587900684085,9.473450831137608
Ha Noi,2014,5,5.0,27.2133375,-0.2227659137425534,9.130208753049386
Ha Noi,2014,6,10.0,25.2738425,-0.14811154456718287,6.988661247305572
Ha Noi,2014,7,10.0,21.58384,0.24569536569559716,4.267422104021533
Ha Noi,2014,8,3.0,15.598980000000001,0.13799998325663246,1.4967126990086383
Ha Noi,2014,9,1.0,16.7382675,-0.11714978161681305,0.7723983362666347
Ha Noi,2014,10,0.0,19.1282325,0.25612179427318565,1.1327615502523276
Ha Noi,2014,11,3.0,22.1246025,0.4756732828694905,1.389362223562785
Ha Noi,2014,12,0.0,24.4497125,-0.6831663659266305,1.4413709286600338
Ha Noi,2015,1,2.0,29.53303,-1.7033479331047012,2.870179509045555
Ha Noi,2015,2,1.0,30.2132325,-1.3760348920560788,5.085694137960672
Ha Noi,2015,3,17.0,28.533255,-0.8524589606658939,6.33014360209927
Ha Noi,2015,4,31.0,28.2936475,-0.7000992204261889,7.757470302749425
Ha Noi,2015,5,85.0,26.970365,0.13479125505396994,10.826114797964678
Ha Noi,2015,6,217.0,25.115585,0.07895130323743245,8.00963450456037
Ha Noi,2015,7,306.0,23.014409999999998,0.19180791954217624,4.3070375686511415
Ha Noi,2015,8,75.0,17.231762500000002,1.2696321312722938,3.562771467841231
Ha Noi,2015,9,7.0,16.434485000000002,1.6084422198432562,3.2323703489964837
Ha Noi,2015,10,1.0,15.341235000000001,0.09068254307374493,2.503838947632176
Ha Noi,2015,11,2.0,20.348975,-1.1487033297849538,0.3341179590279351
Ha Noi,2015,12,4.0,26.231337500000002,0.15863886632665164,2.6257658173562968
Ha Noi,2016,1,7.0,28.1722025,-0.26622516136223207,4.468672850634906
Ha Noi,2016,2,3.0,29.5776625,-1.201487979179796,4.930977709591392
Ha Noi,2016,3,6.0,29.5693575,-0.46365310493803774,7.753972429782155
Ha Noi,2016,4,37.0,28.2890975,0.5309202832967335,11.984839919023232
Ha Noi,2016,5,80.0,27.3431575,0.3541517624307091,11.237315717153264
Ha Noi,2016,6,243.0,25.84238,-0.5866626269287991,5.656156194163488
Ha Noi,2016,7,191.0,21.0586025,-0.5511430452400987,2.0150070195086314
Ha Noi,2016,8,54.0,18.938785,-0.5292622846313926,0.6130955325716057
Ha Noi,2016,9,9.0,18.175932500000002,0.20315684278593904,1.3143894639142668
Ha Noi,2016,10,5.0,18.347005,0.013455102153968775,1.4618157947552388
Ha Noi,2016,11,2.0,21.247709999999998,-0.23909006423197168,1.263010293769185
Ha Noi,2016,12,9.0,24.3410675,0.6329371057121126,3.0332194291986525
Ha Noi,2017,1,58.0,26.448245,-0.36799561060277186,3.8736231799703087
Ha Noi,2017,2,180.0,28.7830525,-0.08871256170472396,7.233997195726271
Ha Noi,2017,3,675.0,27.5789175,1.100699413540921,11.4414026029408
Ha Noi,2017,4,1014.0,28.31406,0.7870289262848795,12.183950515463938
Ha Noi,2017,5,592.0,27.55314,0.6781134346689882,12.173978728242213
Ha Noi,2017,6,308.0,23.952942500000002,1.16650644177987,12.617372674867488
Ha Noi,2017,7,92.0,21.0863725,0.32124660202795297,6.985439904383364
Ha Noi,2017,8,4.0,16.4902525,0.012479009013932348,1.0368634393671539
Ha Noi,2017,9,1.0,17.07806,0.5101780159558579,0.8848447614582267
Ha Noi,2017,10,0.0,16.615917500000002,-0.25058994333333745,0.46856268090778
Ha Noi,2017,11,2.0,22.0452175,-0.8287446986289901,0.6904504298290709
Ha Noi,2017,12,0.0,23.753015,-0.3625991979239475,2.2294374794000777
Ha Noi,2018,1,1.0,28.1723275,-0.0363869468563932,4.7750789090059715
Ha Noi,2018,2,10.0,28.806515,-0.5667592427475615,5.437924352008849
Ha Noi,2018,3,14.0,27.9547375,0.4030207611855271,10.445335006807003
Ha Noi,2018,4,24.0,27.784444999999998,1.5419077690437188,15.280011808499687
Ha Noi,2018,5,66.0,26.9313425,0.40813126623478185,10.88897616136818
Ha Noi,2018,6,84.0,24.113927500000003,-0.13475333106329712,7.077007903717457
Ha Noi,2018,7,88.0,21.9486625,0.3464088646175519,4.437377501744776
Ha Noi,2018,8,15.0,17.6967925,1.0536097345104545,2.3025076952762875
Ha Noi,2018,9,8.0,16.854300000000002,1.1635868689878444,1.5836101520108035
Ha Noi,2018,10,3.0,21.65273,0.3743367188307047,0.9457041160203539
Ha Noi,2018,11,1.0,21.740455,0.33920729014821055,1.40764264506288
Ha Noi,2018,12,2.0,26.85898,0.38934153325806886,2.5715474766911925
Ha Noi,2019,1,15.0,27.29756,0.2539085139811386,4.909781826427205
Ha Noi,2019,2,89.0,30.472785000000002,-0.4500207661085789,5.770653660874812
Ha Noi,2019,3,175.0,29.734195,-1.2091051562589339,5.179498693905771
Ha Noi,2019,4,240.0,28.2855425,-0.260713148346914,9.255873621441413
Ha Noi,2019,5,344.0,27.24345,-0.4151223887783027,9.614807553589332
Ha Noi,2019,6,403.0,24.5967825,-0.5669600099569878,6.28201721701771
Ha Noi,2019,7,205.0,21.407542499999998,0.10989756058528773,4.066607914865018
Ha Noi,2019,8,38.0,17.6954375,-0.39080140418194065,0.8004389601410369
Ha Noi,2019,9,9.0,18.91284,0.31093627424009124,1.5189133191597644
Ha Noi,2019,10,0.0,18.9693025,1.1039049090018462,2.3316333245020364
Ha Noi,2019,11,1.0,22.620945,1.187223973531435,2.7786332066170876
Ha Noi,2019,12,4.0,22.02883,1.016603855866483,3.539118653861805
Ha Noi,2020,1,49.0,29.0611125,0.13826017853136147,4.838352877413852
Ha Noi,2020,2,120.0,30.898970000000002,-1.2522440120987004,5.05302587407641
Ha Noi,2020,3,121.0,30.4140625,-2.260055408297036,3.77581748762168
Ha Noi,2020,4,113.0,27.9562325,-0.591722646162025,9.018104057759047
Ha Noi,2020,5,319.0,27.2060425,1.13866464718129,13.496916741132736
Ha Noi,2020,6,298.0,22.791865,1.1341112055717124,12.388423783704637
Ha Noi,2020,7,124.0,21.8513575,0.7127729607966031,7.354257191764189
Ha Noi,2020,8,25.0,16.12968,0.02411253809489142,1.6788671055110165
Ha Noi,2020,9,3.0,15.251685,-0.6195157482784976,0.6072659380151888
Ha Noi,2020,10,0.0,19.52057,-0.10597151706237959,1.1963171345996662
Ha Noi,2020,11,1.0,22.427789999999998,0.4495366848939733,1.6720779822207974
Ha Noi,2020,12,1.0,24.766465,0.612647441721416,3.091728940489701
Khanh Hoa,1998,1,0.0,27.1963,-0.2771893231828305,2.6680910923460024
Khanh Hoa,1998,2,0.0,27.40975375,-0.456691042655893,3.2020301878219466
Khanh Hoa,1998,3,0.0,26.764915000000002,-0.97666900063461,2.0618826674763113
Khanh Hoa,1998,4,0.0,26.3274375,-0.32037170593691044,2.489260994479991
Khanh Hoa,1998,5,0.0,25.704918749999997,0.4515755654793187,6.037208630004899
Khanh Hoa,1998,6,0.0,24.355306249999998,0.6446145888312571,11.728691868484027
Khanh Hoa,1998,7,0.0,23.219205,1.090631777362243,19.859834283124663
Khanh Hoa,1998,8,0.0,22.15657625,1.2821920136814118,18.280674878042188
Khanh Hoa,1998,9,0.0,21.74184,1.0953987647968666,6.704987485136368
Khanh Hoa,1998,10,0.0,21.85140125,0.8114952280963661,1.1420376531532388
Khanh Hoa,1998,11,0.0,24.6995525,0.2756387602241664,0.5867212939847375
Khanh Hoa,1998,12,0.0,24.99143125,0.8622875838926933,3.0571362422051607
Khanh Hoa,1999,1,0.0,25.094099999999997,1.260075283038677,4.3853789393324405
Khanh Hoa,1999,2,0.0,25.62841875,0.7733232554401114,3.3597313376958478
Khanh Hoa,1999,3,0.0,26.36002125,0.029458296927431363,2.6861495862249276
Khanh Hoa,1999,4,0.0,26.3153625,-0.7429655403153127,2.419183925667312
Khanh Hoa,1999,5,0.0,25.75066,-0.9591864615963073,4.326646972913296
Khanh Hoa,1999,6,57.0,24.10491,-0.2759942270642289,9.643823112128304
Khanh Hoa,1999,7,38.0,23.1500475,0.5705251147394956,14.074661419726906
Khanh Hoa,1999,8,24.0,20.7807425,0.7665123893944873,12.550867162644858
Khanh Hoa,1999,9,47.0,21.9066375,1.1075642494241582,6.857975051389074
Khanh Hoa,1999,10,35.0,22.141135,1.0557032085323974,1.8449060175953496
Khanh Hoa,1999,11,62.0,23.69087625,0.6678728161261737,0.5356705055419297
Khanh Hoa,1999,12,38.0,25.23385375,0.7754723803147666,2.237247778793972
Khanh Hoa,2000,1,77.0,26.2652575,1.1050938234721237,5.314336754963734
Khanh Hoa,2000,2,50.0,25.5327425,1.0603013333927251,5.3505055984715
Khanh Hoa,2000,3,55.0,25.79517125,0.9579946024028156,3.349342339788564
Khanh Hoa,2000,4,79.0,26.27548375,0.3881431106001033,2.886568043322768
Khanh Hoa,2000,5,49.0,25.23174875,-0.48977716146102035,4.2501528732827865
Khanh Hoa,2000,6,81.0,24.034545,0.2778901847072056,12.159489997429777
Khanh Hoa,2000,7,70.0,22.8192175,1.23458455108534,19.95739992707969
Khanh Hoa,2000,8,112.0,21.9670975,0.9899338629549165,14.657285326393326
Khanh Hoa,2000,9,29.0,21.967121249999998,1.0833436786001789,5.517448254977354
Khanh Hoa,2000,10,56.0,22.118505,0.5289466903304226,1.4874857641355996
Khanh Hoa,2000,11,49.0,23.66972375,0.8233827921715688,2.429753750964991
Khanh Hoa,2000,12,41.0,25.72189625,1.1588800261912944,3.5025772813241924
Khanh Hoa,2001,1,58.0,26.32223125,0.45837171168361723,2.96987290494144
Khanh Hoa,2001,2,120.0,26.1594475,0.17733558813594308,3.0054247181396923
Khanh Hoa,2001,3,172.0,27.1501375,-0.9445465044764204,1.446418401940263
Khanh Hoa,2001,4,125.0,26.12212875,-0.3850488892763862,2.771534778332808
Khanh Hoa,2001,5,151.0,26.00662375,0.7046664342739767,7.734292274108156
Khanh Hoa,2001,6,116.0,24.12795375,0.16474313706920324,10.295456479070703
Khanh Hoa,2001,7,96.0,22.470955,-0.4995647385781962,8.527266851160672
Khanh Hoa,2001,8,90.0,21.66062875,-0.5893158149577078,4.730537672003265
Khanh Hoa,2001,9,64.0,21.17011375,-0.7428138836014272,1.3913119537392047
Khanh Hoa,2001,10,42.0,21.778325,-0.9966840683108679,0.3298511841194341
Khanh Hoa,2001,11,52.0,24.18117,-1.3240014752690783,0.40667355585810566
Khanh Hoa,2001,12,30.0,25.8161725,-1.480325567798963,0.9082376727747021
Khanh Hoa,2002,1,56.0,26.963941249999998,-1.1194699219735498,1.7883224281831647
Khanh Hoa,2002,2,56.0,26.88585625,-1.03363133557196,2.0631327060982594
Khanh Hoa,2002,3,75.0,28.10764875,-1.5654458346082518,1.3861733127669138
Khanh Hoa,2002,4,83.0,25.8965725,-0.6561228666134693,2.815102775912238
Khanh Hoa,2002,5,61.0,25.14378125,1.037812999884231,7.680442795390268
Khanh Hoa,2002,6,327.0,24.13064,0.3085190867993576,9.62048786459491
Khanh Hoa,2002,7,173.0,23.0665375,0.30380311618097233,14.635845262091612
Khanh Hoa,2002,8,169.0,22.8648925,0.8308995093493473,13.099886244162922
Khanh Hoa,2002,9,68.0,21.1142475,-0.2177425155204465,2.963519074000942
Khanh Hoa,2002,10,46.0,22.5263525,-0.3409824601591198,0.3113578371767289
Khanh Hoa,2002,11,34.0,24.11914375,0.2585397515924966,0.1824436751434177
Khanh Hoa,2002,12,44.0,26.312057499999998,-0.7730384066033349,0.5412437302396709
Khanh Hoa,2003,1,59.0,26.18542,-0.16473644706967183,4.5469935230357805
Khanh Hoa,2003,2,56.0,26.506497500000002,0.45793241423603814,5.104718635266181
Khanh Hoa,2003,3,105.0,25.93419875,0.001659430249084562,2.5798404894885607
Khanh Hoa,2003,4,38.0,26.82246125,-0.08738833198335097,2.679099066881463
Khanh Hoa,2003,5,40.0,25.6951975,-0.7742774570202348,4.041287436848506
Khanh Hoa,2003,6,11.0,23.75258375,0.08366168030326449,11.345699356752453
Khanh Hoa,2003,7,31.0,23.28664375,0.3673720545179616,14.102284796535983
Khanh Hoa,2003,8,44.0,21.037285,-0.06657487916128127,7.729611170361759
Khanh Hoa,2003,9,47.0,21.3991675,-0.037819737989511396,2.4324047371919733
Khanh Hoa,2003,10,40.0,22.021565,-1.0918415962576515,0.39768002305606825
Khanh Hoa,2003,11,43.0,24.120835,-1.1644544368191332,0.1839583090923468
Khanh Hoa,2003,12,124.0,26.0442825,-0.41705789579202024,0.7956600442309276
Khanh Hoa,2004,1,94.0,26.216945,0.22098091912673287,3.601103417167905
Khanh Hoa,2004,2,183.0,25.91327125,0.9879216135348663,5.216075980570166
Khanh Hoa,2004,3,390.0,26.15729,0.6390467917503524,3.8704969774698843
Khanh Hoa,2004,4,129.0,26.642432499999998,-0.15115868975675664,2.993254835018889
Khanh Hoa,2004,5,146.0,25.4319575,-0.7990818997653253,4.199715564027429
Khanh Hoa,2004,6,134.0,23.66848875,-1.6556470876444307,5.640520335873589
Khanh Hoa,2004,7,115.0,23.17576125,-2.111859398621508,4.849843819101807
Khanh Hoa,2004,8,154.0,21.44345875,-1.767579104605085,2.8393937245709826
Khanh Hoa,2004,9,91.0,21.33165,-1.7383027189788212,0.984006463113474
Khanh Hoa,2004,10,59.0,23.5794825,-1.7090798546200607,0.21563924040535196
Khanh Hoa,2004,11,62.0,23.4239075,-0.727221921531201,0.5860057574231805
Khanh Hoa,2004,12,89.0,25.80723625,-0.7078604992177813,1.0498349183762916
Khanh Hoa,2005,1,220.0,27.34966875,-1.4157619320005486,1.6364276198146408
Khanh Hoa,2005,2,339.0,27.46210125,-1.3883684236200944,1.997708932321985
Khanh Hoa,2005,3,662.0,26.100637499999998,-0.37161888234214313,2.2666012519039214
Khanh Hoa,2005,4,1051.0,26.86943875,-0.16492670933036022,2.374823765421752
Khanh Hoa,2005,5,748.0,25.2752275,0.15722913199411265,6.51034930342576
Khanh Hoa,2005,6,1164.0,24.08571375,1.1219490994151504,13.540592510253198
Khanh Hoa,2005,7,687.0,23.29022875,0.5006880021843398,13.851796626113353
Khanh Hoa,2005,8,190.0,21.2184075,0.7755916557646925,13.72184412321076
Khanh Hoa,2005,9,94.0,21.6208075,0.7387255770332448,8.127454313580534
Khanh Hoa,2005,10,65.0,22.55814625,0.4883628566141322,0.8085262797976616
Khanh Hoa,2005,11,81.0,23.79065375,1.2439525695104698,2.613933600514429
Khanh Hoa,2005,12,77.0,25.72030125,0.7779334133605481,3.1305465454352084
Khanh Hoa,2006,1,51.0,26.24007375,-0.16368786989733758,2.4688500125193964
Khanh Hoa,2006,2,81.0,26.382175,-0.586353009789084,2.232591083156876
Khanh Hoa,2006,3,211.0,26.34819625,-0.49298614261534834,1.6227186351898126
Khanh Hoa,2006,4,53.0,26.0781525,0.4501827213265097,3.1708971218904485
Khanh Hoa,2006,5,46.0,25.186915,0.5628447917380757,5.988067947328091
Khanh Hoa,2006,6,43.0,24.14730125,-0.46208760193762466,7.2333903808612385
Khanh Hoa,2006,7,116.0,23.738366250000002,-1.5038457148142492,5.336665184586309
Khanh Hoa,2006,8,132.0,22.16718125,-1.230149878807801,3.230818736483342
Khanh Hoa,2006,9,113.0,21.17826625,-0.1680415368293911,1.9584464462241153
Khanh Hoa,2006,10,82.0,22.33238875,-0.23614746010384707,0.48305392215297627
Khanh Hoa,2006,11,94.0,24.150032500000002,0.14364784095068456,0.7360768834132613
Khanh Hoa,2006,12,114.0,25.385368749999998,0.4852825661743203,1.5843867877265434
Khanh Hoa,2007,1,208.0,25.51848375,0.6817277038343771,3.7068542224005796
Khanh Hoa,2007,2,340.0,26.25390125,0.680867991035838,4.0357254474656665
Khanh Hoa,2007,3,534.0,26.04606875,-0.0013620425493621607,1.9671136433316867
Khanh Hoa,2007,4,412.0,25.83049,0.4955707053748839,3.2733394073147797
Khanh Hoa,2007,5,367.0,25.37439375,0.7447937157750896,6.607192772207783
Khanh Hoa,2007,6,395.0,23.87786625,0.6710027499264497,11.789217445766559
Khanh Hoa,2007,7,352.0,22.03089625,0.911860138086983,16.56247599748895
Khanh Hoa,2007,8,334.0,22.0729125,-0.13951915117477673,9.135641503917213
Khanh Hoa,2007,9,233.0,21.4747225,0.1485512476565137,2.3135593189635983
Khanh Hoa,2007,10,129.0,20.97736875,1.3680903179631516,2.6062574543175283
Khanh Hoa,2007,11,106.0,22.89417125,1.1928048947065357,1.2820201445720167
Khanh Hoa,2007,12,154.0,25.23930375,1.0525316397294135,2.8527576796477665
Khanh Hoa,2008,1,210.0,25.46291625,1.0862810588749925,4.760558804264291
Khanh Hoa,2008,2,295.0,26.1268225,0.31619640739394955,3.444935937295667
Khanh Hoa,2008,3,335.0,26.05395375,-0.35627229503462526,1.5839354673516939
Khanh Hoa,2008,4,282.0,25.877108749999998,0.15017394577892643,2.5158233402180485
Khanh Hoa,2008,5,238.0,25.213562500000002,0.8713088233110301,7.363363576587288
Khanh Hoa,2008,6,334.0,24.380515,0.6503216538182697,10.854763910174364
Khanh Hoa,2008,7,345.0,22.6626,0.6495369816667931,16.11776073696092
Khanh Hoa,2008,8,295.0,21.509625,1.1393628612641804,16.374622704461228
Khanh Hoa,2008,9,189.0,20.18549375,0.42518412237980063,6.12031475247932
Khanh Hoa,2008,10,149.0,22.99907,0.2790012711549175,0.9626738483348168
Khanh Hoa,2008,11,88.0,24.77613375,0.6860271557623553,1.0410244012746266
Khanh Hoa,2008,12,112.0,25.14403125,1.3281771490435708,4.457430859474699
Khanh Hoa,2009,1,134.0,24.83159625,1.919128424836568,7.977139204740523
Khanh Hoa,2009,2,345.0,26.69055125,0.8204630104150138,5.487236274348105
Khanh Hoa,2009,3,313.0,26.30333375,0.31242056104231486,2.7565540367504573
Khanh Hoa,2009,4,238.0,26.5958425,0.050382220546640384,2.6404948148410763
Khanh Hoa,2009,5,149.0,25.41508375,0.0014023765649685861,5.4185331173357545
Khanh Hoa,2009,6,153.0,24.31527125,-0.06121072099389448,8.082786313025277
Khanh Hoa,2009,7,199.0,23.0543775,-0.6775229202343115,8.25623009586706
Khanh Hoa,2009,8,182.0,21.9984,-0.7753082832895655,5.117949131090422
Khanh Hoa,2009,9,216.0,22.10495625,-0.018993925197664435,2.419192493107402
Khanh Hoa,2009,10,169.0,23.65050375,0.3545424653298132,1.7393706455894884
Khanh Hoa,2009,11,218.0,24.580005,-0.42910284490558986,0.3369309286771483
Khanh Hoa,2009,12,241.0,26.422496250000002,-0.2529971835381022,2.143630255886819
Khanh Hoa,2010,1,360.0,27.71006125,-0.4610212966366275,3.2788773460197262
Khanh Hoa,2010,2,577.0,27.239925,-1.0293333283404,2.289423453476047
Khanh Hoa,2010,3,1205.0,26.55593375,-0.4266008456537483,2.2739418745914017
Khanh Hoa,2010,4,1209.0,25.9192875,0.4972766014294912,3.1713339776615626
Khanh Hoa,2010,5,1127.0,25.63430875,-0.09838756270438792,4.428138970979491
Khanh Hoa,2010,6,908.0,24.09699375,0.5389146830941164,16.70749858021736
Khanh Hoa,2010,7,434.0,22.793356250000002,1.9501913228303607,29.88027280662208
Khanh Hoa,2010,8,198.0,21.8543925,1.0055426266271412,18.428071023663502
Khanh Hoa,2010,9,118.0,21.00695125,0.06489066445685285,2.9222872472018926
Khanh Hoa,2010,10,63.0,22.23837625,-0.6260461599701024,0.3874105563435037
Khanh Hoa,2010,11,52.0,22.48455375,0.15016159678134963,1.1224613803486596
Khanh Hoa,2010,12,29.0,23.98315125,0.970451014911416,1.705531660263658
Khanh Hoa,2011,1,44.0,25.97912375,0.8464979491782579,4.12812524518813
Khanh Hoa,2011,2,36.0,26.1571025,0.6347937090127238,4.492731219215784
Khanh Hoa,2011,3,57.0,26.21208625,0.23370519781327936,2.3224720061989492
Khanh Hoa,2011,4,63.0,25.92226,0.7804760949065831,3.858109812426847
Khanh Hoa,2011,5,96.0,25.71465375,0.5390882979623016,6.070987830753439
Khanh Hoa,2011,6,88.0,23.9820325,0.19902196497311656,9.778011735761549
Khanh Hoa,2011,7,92.0,23.4026725,-0.1378131055334535,9.689847502158965
Khanh Hoa,2011,8,101.0,21.28899875,-0.2937140368569176,5.258845223579556
Khanh Hoa,2011,9,62.0,21.6559625,0.8050906629478846,3.281246375991032
Khanh Hoa,2011,10,88.0,22.65838625,1.438374261733718,1.971623067220208
Khanh Hoa,2011,11,122.0,24.13855875,1.6140496714496726,3.573911228158976
Khanh Hoa,2011,12,146.0,25.46827625,1.7004107621140814,6.096472177887335
Khanh Hoa,2012,1,245.0,26.43682375,1.0106858433864927,4.9734239146346235
Khanh Hoa,2012,2,338.0,26.78308875,-0.016523309589994175,2.971356778289192
Khanh Hoa,2012,3,684.0,26.450495,0.754461184654961,3.9285324455704536
Khanh Hoa,2012,4,501.0,27.06910625,0.541835575248217,4.230955062666908
Khanh Hoa,2012,5,322.0,24.588015,0.6828266357031758,9.024348109960563
Khanh Hoa,2012,6,624.0,24.02899875,0.3780674808512812,10.584640462184332
Khanh Hoa,2012,7,1087.0,24.0285775,-0.7764524394019011,8.535123808542263
Khanh Hoa,2012,8,1041.0,23.0115725,-0.48421427043554977,6.20380459076841
Khanh Hoa,2012,9,825.0,21.45852875,-0.1708794231381413,1.5920691621431617
Khanh Hoa,2012,10,515.0,22.86862125,0.850437843787202,1.6871862462721774
Khanh Hoa,2012,11,352.0,24.62061625,0.44543039955312025,0.8226538800499852
Khanh Hoa,2012,12,412.0,25.9388625,0.24219392681558305,1.376906667019284
Khanh Hoa,2013,1,522.0,26.69514625,0.31695339711262543,2.429878266411833
Khanh Hoa,2013,2,670.0,26.107992499999998,0.7945100095078654,3.9423347916454077
Khanh Hoa,2013,3,862.0,25.819655,1.5818752050433156,4.483909615373705
Khanh Hoa,2013,4,801.0,25.83514375,1.300930212387606,4.020001542812679
Khanh Hoa,2013,5,653.0,25.2307975,0.8979904544944121,6.65934820426628
Khanh Hoa,2013,6,563.0,23.9088675,-0.1982288831038542,8.054117643041534
Khanh Hoa,2013,7,472.0,23.190405,-0.32803973234929334,10.856776818400247
Khanh Hoa,2013,8,337.0,20.886405,-0.6970141490105601,7.586118572021405
Khanh Hoa,2013,9,204.0,20.0895725,-1.939715514349627,0.48478558949227607
Khanh Hoa,2013,10,62.0,21.92316125,-1.661698108738222,0.1803491125969003
Khanh Hoa,2013,11,50.0,24.11743,-0.9228186108197289,0.16559282933314975
Khanh Hoa,2013,12,43.0,26.1489225,-0.4280191024395312,0.958457992936701
Khanh Hoa,2014,1,56.0,27.06554,-0.535281806512772,2.1130618843017137
Khanh Hoa,2014,2,55.0,27.29227875,-0.5165354045403256,2.67761403665645
Khanh Hoa,2014,3,52.0,26.60289875,0.6613881619804127,3.858251322526485
Khanh Hoa,2014,4,59.0,26.56671625,0.9854474237786786,4.794333231984637
Khanh Hoa,2014,5,54.0,25.63061125,-0.590596315340629,4.149472501012495
Khanh Hoa,2014,6,79.0,24.26005125,-1.3835696435346754,5.236546086962336
Khanh Hoa,2014,7,131.0,23.76680375,-1.0522162070754293,6.957542296731846
Khanh Hoa,2014,8,224.0,21.916764999999998,-0.41805916760626505,4.9049605877371505
Khanh Hoa,2014,9,190.0,20.450045,-0.23768603002972838,1.8306404381291945
Khanh Hoa,2014,10,91.0,21.7044325,-0.6819544938651338,0.5182807399179983
Khanh Hoa,2014,11,88.0,24.15796375,-0.8541709215594877,0.19696670387503445
Khanh Hoa,2014,12,68.0,25.61674,-0.8216179448353693,0.9719298697774545
Khanh Hoa,2015,1,165.0,27.68732875,-1.1849199677810047,2.03994244657224
Khanh Hoa,2015,2,309.0,27.03159875,-1.3495316806878799,2.3495211644331
Khanh Hoa,2015,3,315.0,26.9009675,-0.8286006445777955,2.3189164348877966
Khanh Hoa,2015,4,541.0,26.58601125,-0.7125280658027966,2.0006296763313
Khanh Hoa,2015,5,1016.0,26.18424625,-1.366766206874128,2.5129718487733044
Khanh Hoa,2015,6,1630.0,24.84167125,-1.4374424846255698,5.678022105712444
Khanh Hoa,2015,7,2322.0,23.84790125,0.11415804416920083,15.359125129180027
Khanh Hoa,2015,8,2452.0,22.97882875,0.8727401365696794,14.856640569632871
Khanh Hoa,2015,9,1742.0,23.06230625,0.31101190615373675,3.7641620974682155
Khanh Hoa,2015,10,660.0,22.00478625,-0.12165574467094298,0.5550678370127571
Khanh Hoa,2015,11,352.0,24.0248,-0.9299098399982759,0.32430700969143794
Khanh Hoa,2015,12,201.0,27.06355625,-1.749758548507283,0.47069366530649825
Khanh Hoa,2016,1,162.0,27.50235625,-1.1954470562731636,2.2913476714165877
Khanh Hoa,2016,2,81.0,26.72501125,0.106901270787671,3.949640886276028
Khanh Hoa,2016,3,154.0,26.5166025,0.03371103130824657,2.7752965652325647
Khanh Hoa,2016,4,242.0,27.4092025,-0.5248400810266413,2.413110061752377
Khanh Hoa,2016,5,202.0,26.228144999999998,-0.6325697666814246,4.853433827520348
Khanh Hoa,2016,6,398.0,24.54774125,-0.35613312659579355,7.8538622474297854
Khanh Hoa,2016,7,547.0,23.9120875,0.24043473569000756,11.686564772389833
Khanh Hoa,2016,8,318.0,22.496760000000002,1.1996301679737353,22.337971429806206
Khanh Hoa,2016,9,300.0,22.1449075,2.079042127619922,18.448479502694678
Khanh Hoa,2016,10,188.0,21.80405375,2.0494924485989507,3.7583697303489303
Khanh Hoa,2016,11,151.0,23.707365,1.1529271846024702,0.8224606682176718
Khanh Hoa,2016,12,175.0,25.403145,0.7396656020338177,1.9847446020264665
Khanh Hoa,2017,1,150.0,25.994341249999998,1.0122518099356912,3.9055033121258025
Khanh Hoa,2017,2,269.0,26.55287875,0.4786261752566826,3.194751334376634
Khanh Hoa,2017,3,348.0,26.00331125,0.6142782032949423,2.304755420482252
Khanh Hoa,2017,4,334.0,26.45986875,0.5598724926829635,2.3142108839238063
Khanh Hoa,2017,5,330.0,26.24845875,-0.8792349392393444,3.0731460792594594
Khanh Hoa,2017,6,310.0,24.420785000000002,-1.171160149577764,5.724505419493653
Khanh Hoa,2017,7,255.0,23.66031375,-0.07500199190433436,10.8323449967429
Khanh Hoa,2017,8,290.0,21.69368625,0.3030948146262454,9.1661031183321
Khanh Hoa,2017,9,258.0,22.207765000000002,0.39086863841704206,2.576858028987772
Khanh Hoa,2017,10,188.0,21.50201625,0.2746244962017163,0.5430178994174644
Khanh Hoa,2017,11,137.0,23.699647499999998,-0.03252677288362047,0.4894823400718446
Khanh Hoa,2017,12,113.0,25.31680625,-0.10550566158127254,1.299855957768159
Khanh Hoa,2018,1,144.0,26.66958,-0.5358098993092673,2.013074910792057
Khanh Hoa,2018,2,148.0,26.59484875,-0.02220004750461219,3.05031034804415
Khanh Hoa,2018,3,291.0,27.07703,-0.11564735515580486,2.743493612797466
Khanh Hoa,2018,4,377.0,27.19596,-1.2677807537809815,1.9217056469642562
Khanh Hoa,2018,5,492.0,25.692895,-0.8717823334385928,5.1618674042401835
Khanh Hoa,2018,6,1030.0,24.24478875,-0.2232151897852003,9.536120895063506
Khanh Hoa,2018,7,1479.0,23.64924125,-0.15895155549616435,11.033847520593554
Khanh Hoa,2018,8,2415.0,23.06015625,0.4659008913458482,10.215426358627157
Khanh Hoa,2018,9,2208.0,21.78519125,1.3647170083099434,7.138353656046097
Khanh Hoa,2018,10,1603.0,23.22195125,0.7859561957034485,2.532604897226065
Khanh Hoa,2018,11,1041.0,25.0453525,-0.3263023581485442,0.32178453881215313
Khanh Hoa,2018,12,582.0,27.068155,-1.0179488812854292,0.8410989366893766
Khanh Hoa,2019,1,489.0,27.54237875,-1.076677828508166,1.9557830237317826
Khanh Hoa,2019,2,576.0,27.88531125,-1.1743924639426604,2.1703696220356514
Khanh Hoa,2019,3,737.0,27.60390125,-1.5641573254301153,1.8854606860259095
Khanh Hoa,2019,4,538.0,27.4976475,-1.1785120818857509,2.789450969430619
Khanh Hoa,2019,5,467.0,25.6154825,-0.530823871947744,5.7999759301310405
Khanh Hoa,2019,6,920.0,24.5996375,-0.34751764780018735,9.203643334330993
Khanh Hoa,2019,7,1237.0,22.9952425,-0.4076233994992725,10.19825713592581
Khanh Hoa,2019,8,1053.0,21.7249575,-1.0755343026199025,5.435153857774815
Khanh Hoa,2019,9,818.0,22.4046025,-1.6420921103217,0.6873454925653277
Khanh Hoa,2019,10,382.0,22.38601125,-0.5410364081259104,1.1032547918148339
Khanh Hoa,2019,11,271.0,25.041822500000002,-0.2532657629485209,1.069304489647038
Khanh Hoa,2019,12,148.0,25.56646875,-0.41991981701847797,1.2536208087112746
Khanh Hoa,2020,1,283.0,27.98563875,-0.6835411864006035,2.8924913785886006
Khanh Hoa,2020,2,258.0,26.99102375,-0.3931763584861992,4.751014545036012
Khanh Hoa,2020,3,467.0,26.83299125,0.1784567832741265,4.809018515516072
Khanh Hoa,2020,4,720.0,26.482445,0.7027138826479002,5.996186941047198
Khanh Hoa,2020,5,1973.0,26.045415,0.5754888358057948,7.705760392127555
Khanh Hoa,2020,6,1981.0,24.5022175,0.23648121176780618,11.084068682976062
Khanh Hoa,2020,7,2445.0,23.5523575,0.4614517061109871,13.44905863516032
Khanh Hoa,2020,8,1484.0,21.90524375,0.4184908713753423,10.151723603485149
Khanh Hoa,2020,9,894.0,20.625161249999998,0.7530684341298154,5.287202744511888
Khanh Hoa,2020,10,312.0,21.67265875,0.02367162132021685,1.4912098868080632
Khanh Hoa,2020,11,299.0,24.355821249999998,-0.4412933775396378,0.8256433375208867
Khanh Hoa,2020,12,231.0,25.486175,0.2769612015942916,2.306993017555214
